dataset,fold,strategy,index
1027_ESL,1,gs1,0
1027_ESL,1,gs1,1
1027_ESL,1,gs1,14
1027_ESL,1,gs1,19
1027_ESL,1,gs1,112
1027_ESL,1,gs1,117
1027_ESL,1,gs1,125
1027_ESL,1,gs3,0
1027_ESL,1,gs3,1
1027_ESL,1,gs3,2
1027_ESL,1,gs3,3
1027_ESL,1,gs3,12
1027_ESL,1,gs3,13
1027_ESL,1,gs3,14
1027_ESL,1,gs3,19
1027_ESL,1,gs3,20
1027_ESL,1,gs3,21
1027_ESL,1,gs3,112
1027_ESL,1,gs3,115
1027_ESL,1,gs3,116
1027_ESL,1,gs3,117
1027_ESL,1,gs3,118
1027_ESL,1,gs3,120
1027_ESL,1,gs3,123
1027_ESL,1,gs3,125
1027_ESL,1,gs3,127
1027_ESL,1,gs5,0
1027_ESL,1,gs5,1
1027_ESL,1,gs5,2
1027_ESL,1,gs5,3
1027_ESL,1,gs5,4
1027_ESL,1,gs5,5
1027_ESL,1,gs5,10
1027_ESL,1,gs5,11
1027_ESL,1,gs5,12
1027_ESL,1,gs5,13
1027_ESL,1,gs5,14
1027_ESL,1,gs5,19
1027_ESL,1,gs5,20
1027_ESL,1,gs5,21
1027_ESL,1,gs5,22
1027_ESL,1,gs5,23
1027_ESL,1,gs5,111
1027_ESL,1,gs5,112
1027_ESL,1,gs5,114
1027_ESL,1,gs5,115
1027_ESL,1,gs5,116
1027_ESL,1,gs5,117
1027_ESL,1,gs5,118
1027_ESL,1,gs5,119
1027_ESL,1,gs5,120
1027_ESL,1,gs5,121
1027_ESL,1,gs5,123
1027_ESL,1,gs5,125
1027_ESL,1,gs5,126
1027_ESL,1,gs5,127
1027_ESL,1,r10s1,0
1027_ESL,1,r10s1,1
1027_ESL,1,r10s1,14
1027_ESL,1,r10s1,22
1027_ESL,1,r10s1,112
1027_ESL,1,r10s1,117
1027_ESL,1,r10s1,125
1027_ESL,1,r10s3,0
1027_ESL,1,r10s3,1
1027_ESL,1,r10s3,2
1027_ESL,1,r10s3,9
1027_ESL,1,r10s3,12
1027_ESL,1,r10s3,13
1027_ESL,1,r10s3,14
1027_ESL,1,r10s3,19
1027_ESL,1,r10s3,20
1027_ESL,1,r10s3,28
1027_ESL,1,r10s3,112
1027_ESL,1,r10s3,115
1027_ESL,1,r10s3,116
1027_ESL,1,r10s3,117
1027_ESL,1,r10s3,118
1027_ESL,1,r10s3,120
1027_ESL,1,r10s3,123
1027_ESL,1,r10s3,125
1027_ESL,1,r10s3,127
1027_ESL,1,r10s5,0
1027_ESL,1,r10s5,1
1027_ESL,1,r10s5,2
1027_ESL,1,r10s5,5
1027_ESL,1,r10s5,6
1027_ESL,1,r10s5,7
1027_ESL,1,r10s5,10
1027_ESL,1,r10s5,11
1027_ESL,1,r10s5,12
1027_ESL,1,r10s5,13
1027_ESL,1,r10s5,14
1027_ESL,1,r10s5,22
1027_ESL,1,r10s5,27
1027_ESL,1,r10s5,34
1027_ESL,1,r10s5,35
1027_ESL,1,r10s5,89
1027_ESL,1,r10s5,111
1027_ESL,1,r10s5,112
1027_ESL,1,r10s5,114
1027_ESL,1,r10s5,115
1027_ESL,1,r10s5,116
1027_ESL,1,r10s5,117
1027_ESL,1,r10s5,118
1027_ESL,1,r10s5,119
1027_ESL,1,r10s5,120
1027_ESL,1,r10s5,121
1027_ESL,1,r10s5,123
1027_ESL,1,r10s5,125
1027_ESL,1,r10s5,126
1027_ESL,1,r10s5,127
1027_ESL,1,r25s1,0
1027_ESL,1,r25s1,1
1027_ESL,1,r25s1,14
1027_ESL,1,r25s1,25
1027_ESL,1,r25s1,112
1027_ESL,1,r25s1,117
1027_ESL,1,r25s1,125
1027_ESL,1,r25s3,0
1027_ESL,1,r25s3,1
1027_ESL,1,r25s3,2
1027_ESL,1,r25s3,4
1027_ESL,1,r25s3,12
1027_ESL,1,r25s3,13
1027_ESL,1,r25s3,14
1027_ESL,1,r25s3,20
1027_ESL,1,r25s3,21
1027_ESL,1,r25s3,26
1027_ESL,1,r25s3,112
1027_ESL,1,r25s3,115
1027_ESL,1,r25s3,116
1027_ESL,1,r25s3,117
1027_ESL,1,r25s3,118
1027_ESL,1,r25s3,120
1027_ESL,1,r25s3,123
1027_ESL,1,r25s3,125
1027_ESL,1,r25s3,127
1027_ESL,1,r25s5,0
1027_ESL,1,r25s5,1
1027_ESL,1,r25s5,2
1027_ESL,1,r25s5,4
1027_ESL,1,r25s5,5
1027_ESL,1,r25s5,7
1027_ESL,1,r25s5,10
1027_ESL,1,r25s5,11
1027_ESL,1,r25s5,12
1027_ESL,1,r25s5,13
1027_ESL,1,r25s5,14
1027_ESL,1,r25s5,22
1027_ESL,1,r25s5,27
1027_ESL,1,r25s5,28
1027_ESL,1,r25s5,29
1027_ESL,1,r25s5,30
1027_ESL,1,r25s5,111
1027_ESL,1,r25s5,112
1027_ESL,1,r25s5,114
1027_ESL,1,r25s5,115
1027_ESL,1,r25s5,116
1027_ESL,1,r25s5,117
1027_ESL,1,r25s5,118
1027_ESL,1,r25s5,119
1027_ESL,1,r25s5,120
1027_ESL,1,r25s5,121
1027_ESL,1,r25s5,123
1027_ESL,1,r25s5,125
1027_ESL,1,r25s5,126
1027_ESL,1,r25s5,127
1027_ESL,1,r50s1,0
1027_ESL,1,r50s1,1
1027_ESL,1,r50s1,14
1027_ESL,1,r50s1,20
1027_ESL,1,r50s1,112
1027_ESL,1,r50s1,117
1027_ESL,1,r50s1,125
1027_ESL,1,r50s3,0
1027_ESL,1,r50s3,1
1027_ESL,1,r50s3,2
1027_ESL,1,r50s3,8
1027_ESL,1,r50s3,12
1027_ESL,1,r50s3,13
1027_ESL,1,r50s3,14
1027_ESL,1,r50s3,19
1027_ESL,1,r50s3,20
1027_ESL,1,r50s3,21
1027_ESL,1,r50s3,112
1027_ESL,1,r50s3,115
1027_ESL,1,r50s3,116
1027_ESL,1,r50s3,117
1027_ESL,1,r50s3,118
1027_ESL,1,r50s3,120
1027_ESL,1,r50s3,123
1027_ESL,1,r50s3,125
1027_ESL,1,r50s3,127
1027_ESL,1,r50s5,0
1027_ESL,1,r50s5,1
1027_ESL,1,r50s5,2
1027_ESL,1,r50s5,3
1027_ESL,1,r50s5,7
1027_ESL,1,r50s5,8
1027_ESL,1,r50s5,10
1027_ESL,1,r50s5,11
1027_ESL,1,r50s5,12
1027_ESL,1,r50s5,13
1027_ESL,1,r50s5,14
1027_ESL,1,r50s5,19
1027_ESL,1,r50s5,20
1027_ESL,1,r50s5,27
1027_ESL,1,r50s5,28
1027_ESL,1,r50s5,31
1027_ESL,1,r50s5,111
1027_ESL,1,r50s5,112
1027_ESL,1,r50s5,114
1027_ESL,1,r50s5,115
1027_ESL,1,r50s5,116
1027_ESL,1,r50s5,117
1027_ESL,1,r50s5,118
1027_ESL,1,r50s5,119
1027_ESL,1,r50s5,120
1027_ESL,1,r50s5,121
1027_ESL,1,r50s5,123
1027_ESL,1,r50s5,125
1027_ESL,1,r50s5,126
1027_ESL,1,r50s5,127
1027_ESL,1,r100s1,0
1027_ESL,1,r100s1,1
1027_ESL,1,r100s1,14
1027_ESL,1,r100s1,19
1027_ESL,1,r100s1,112
1027_ESL,1,r100s1,117
1027_ESL,1,r100s1,125
1027_ESL,1,r100s3,0
1027_ESL,1,r100s3,1
1027_ESL,1,r100s3,2
1027_ESL,1,r100s3,6
1027_ESL,1,r100s3,12
1027_ESL,1,r100s3,13
1027_ESL,1,r100s3,14
1027_ESL,1,r100s3,19
1027_ESL,1,r100s3,20
1027_ESL,1,r100s3,21
1027_ESL,1,r100s3,112
1027_ESL,1,r100s3,115
1027_ESL,1,r100s3,116
1027_ESL,1,r100s3,117
1027_ESL,1,r100s3,118
1027_ESL,1,r100s3,120
1027_ESL,1,r100s3,123
1027_ESL,1,r100s3,125
1027_ESL,1,r100s3,127
1027_ESL,1,r100s5,0
1027_ESL,1,r100s5,1
1027_ESL,1,r100s5,2
1027_ESL,1,r100s5,4
1027_ESL,1,r100s5,5
1027_ESL,1,r100s5,7
1027_ESL,1,r100s5,10
1027_ESL,1,r100s5,11
1027_ESL,1,r100s5,12
1027_ESL,1,r100s5,13
1027_ESL,1,r100s5,14
1027_ESL,1,r100s5,19
1027_ESL,1,r100s5,20
1027_ESL,1,r100s5,21
1027_ESL,1,r100s5,22
1027_ESL,1,r100s5,23
1027_ESL,1,r100s5,111
1027_ESL,1,r100s5,112
1027_ESL,1,r100s5,114
1027_ESL,1,r100s5,115
1027_ESL,1,r100s5,116
1027_ESL,1,r100s5,117
1027_ESL,1,r100s5,118
1027_ESL,1,r100s5,119
1027_ESL,1,r100s5,120
1027_ESL,1,r100s5,121
1027_ESL,1,r100s5,123
1027_ESL,1,r100s5,125
1027_ESL,1,r100s5,126
1027_ESL,1,r100s5,127
1027_ESL,1,ga,0
1027_ESL,1,ga,3
1027_ESL,1,ga,4
1027_ESL,1,ga,5
1027_ESL,1,ga,6
1027_ESL,1,ga,7
1027_ESL,1,ga,9
1027_ESL,1,ga,21
1027_ESL,1,ga,22
1027_ESL,1,ga,24
1027_ESL,1,ga,25
1027_ESL,1,ga,26
1027_ESL,1,ga,28
1027_ESL,1,ga,30
1027_ESL,1,ga,31
1027_ESL,1,ga,33
1027_ESL,1,ga,35
1027_ESL,1,ga,37
1027_ESL,1,ga,38
1027_ESL,1,ga,47
1027_ESL,1,ga,49
1027_ESL,1,ga,51
1027_ESL,1,ga,52
1027_ESL,1,ga,53
1027_ESL,1,ga,57
1027_ESL,1,ga,58
1027_ESL,1,ga,61
1027_ESL,1,ga,62
1027_ESL,1,ga,64
1027_ESL,1,ga,65
1027_ESL,1,ga,66
1027_ESL,1,ga,67
1027_ESL,1,ga,68
1027_ESL,1,ga,69
1027_ESL,1,ga,70
1027_ESL,1,ga,71
1027_ESL,1,ga,72
1027_ESL,1,ga,73
1027_ESL,1,ga,75
1027_ESL,1,ga,76
1027_ESL,1,ga,80
1027_ESL,1,ga,82
1027_ESL,1,ga,86
1027_ESL,1,ga,87
1027_ESL,1,ga,89
1027_ESL,1,ga,90
1027_ESL,1,ga,91
1027_ESL,1,ga,96
1027_ESL,1,ga,99
1027_ESL,1,ga,101
1027_ESL,1,ga,103
1027_ESL,1,ga,105
1027_ESL,1,ga,106
1027_ESL,1,ga,107
1027_ESL,1,ga,109
1027_ESL,1,ga,111
1027_ESL,1,ga,120
1027_ESL,1,ga,121
1027_ESL,1,ga,123
1027_ESL,1,ga,124
1027_ESL,1,ga,127
1027_ESL,1,ga,128
1027_ESL,1,df,0
1027_ESL,1,df,3
1027_ESL,1,df,12
1027_ESL,1,df,45
1027_ESL,1,df,109
1027_ESL,1,df,117
1027_ESL,1,df,123
1027_ESL,1,dsc,14
1027_ESL,2,gs1,0
1027_ESL,2,gs1,1
1027_ESL,2,gs1,14
1027_ESL,2,gs1,19
1027_ESL,2,gs1,112
1027_ESL,2,gs1,118
1027_ESL,2,gs1,121
1027_ESL,2,gs3,0
1027_ESL,2,gs3,1
1027_ESL,2,gs3,2
1027_ESL,2,gs3,3
1027_ESL,2,gs3,12
1027_ESL,2,gs3,13
1027_ESL,2,gs3,14
1027_ESL,2,gs3,19
1027_ESL,2,gs3,20
1027_ESL,2,gs3,21
1027_ESL,2,gs3,111
1027_ESL,2,gs3,112
1027_ESL,2,gs3,116
1027_ESL,2,gs3,117
1027_ESL,2,gs3,118
1027_ESL,2,gs3,120
1027_ESL,2,gs3,121
1027_ESL,2,gs3,123
1027_ESL,2,gs3,125
1027_ESL,2,gs5,0
1027_ESL,2,gs5,1
1027_ESL,2,gs5,2
1027_ESL,2,gs5,3
1027_ESL,2,gs5,4
1027_ESL,2,gs5,5
1027_ESL,2,gs5,10
1027_ESL,2,gs5,11
1027_ESL,2,gs5,12
1027_ESL,2,gs5,13
1027_ESL,2,gs5,14
1027_ESL,2,gs5,19
1027_ESL,2,gs5,20
1027_ESL,2,gs5,21
1027_ESL,2,gs5,22
1027_ESL,2,gs5,23
1027_ESL,2,gs5,110
1027_ESL,2,gs5,111
1027_ESL,2,gs5,112
1027_ESL,2,gs5,115
1027_ESL,2,gs5,116
1027_ESL,2,gs5,117
1027_ESL,2,gs5,118
1027_ESL,2,gs5,119
1027_ESL,2,gs5,120
1027_ESL,2,gs5,121
1027_ESL,2,gs5,122
1027_ESL,2,gs5,123
1027_ESL,2,gs5,125
1027_ESL,2,gs5,127
1027_ESL,2,r10s1,0
1027_ESL,2,r10s1,1
1027_ESL,2,r10s1,14
1027_ESL,2,r10s1,25
1027_ESL,2,r10s1,112
1027_ESL,2,r10s1,118
1027_ESL,2,r10s1,121
1027_ESL,2,r10s3,0
1027_ESL,2,r10s3,1
1027_ESL,2,r10s3,2
1027_ESL,2,r10s3,6
1027_ESL,2,r10s3,12
1027_ESL,2,r10s3,13
1027_ESL,2,r10s3,14
1027_ESL,2,r10s3,24
1027_ESL,2,r10s3,35
1027_ESL,2,r10s3,46
1027_ESL,2,r10s3,111
1027_ESL,2,r10s3,112
1027_ESL,2,r10s3,116
1027_ESL,2,r10s3,117
1027_ESL,2,r10s3,118
1027_ESL,2,r10s3,120
1027_ESL,2,r10s3,121
1027_ESL,2,r10s3,123
1027_ESL,2,r10s3,125
1027_ESL,2,r10s5,0
1027_ESL,2,r10s5,1
1027_ESL,2,r10s5,2
1027_ESL,2,r10s5,6
1027_ESL,2,r10s5,8
1027_ESL,2,r10s5,9
1027_ESL,2,r10s5,10
1027_ESL,2,r10s5,11
1027_ESL,2,r10s5,12
1027_ESL,2,r10s5,13
1027_ESL,2,r10s5,14
1027_ESL,2,r10s5,29
1027_ESL,2,r10s5,31
1027_ESL,2,r10s5,33
1027_ESL,2,r10s5,35
1027_ESL,2,r10s5,51
1027_ESL,2,r10s5,110
1027_ESL,2,r10s5,111
1027_ESL,2,r10s5,112
1027_ESL,2,r10s5,115
1027_ESL,2,r10s5,116
1027_ESL,2,r10s5,117
1027_ESL,2,r10s5,118
1027_ESL,2,r10s5,119
1027_ESL,2,r10s5,120
1027_ESL,2,r10s5,121
1027_ESL,2,r10s5,122
1027_ESL,2,r10s5,123
1027_ESL,2,r10s5,125
1027_ESL,2,r10s5,127
1027_ESL,2,r25s1,0
1027_ESL,2,r25s1,1
1027_ESL,2,r25s1,14
1027_ESL,2,r25s1,23
1027_ESL,2,r25s1,112
1027_ESL,2,r25s1,118
1027_ESL,2,r25s1,121
1027_ESL,2,r25s3,0
1027_ESL,2,r25s3,1
1027_ESL,2,r25s3,2
1027_ESL,2,r25s3,9
1027_ESL,2,r25s3,12
1027_ESL,2,r25s3,13
1027_ESL,2,r25s3,14
1027_ESL,2,r25s3,24
1027_ESL,2,r25s3,25
1027_ESL,2,r25s3,26
1027_ESL,2,r25s3,111
1027_ESL,2,r25s3,112
1027_ESL,2,r25s3,116
1027_ESL,2,r25s3,117
1027_ESL,2,r25s3,118
1027_ESL,2,r25s3,120
1027_ESL,2,r25s3,121
1027_ESL,2,r25s3,123
1027_ESL,2,r25s3,125
1027_ESL,2,r25s5,0
1027_ESL,2,r25s5,1
1027_ESL,2,r25s5,2
1027_ESL,2,r25s5,7
1027_ESL,2,r25s5,8
1027_ESL,2,r25s5,9
1027_ESL,2,r25s5,10
1027_ESL,2,r25s5,11
1027_ESL,2,r25s5,12
1027_ESL,2,r25s5,13
1027_ESL,2,r25s5,14
1027_ESL,2,r25s5,20
1027_ESL,2,r25s5,25
1027_ESL,2,r25s5,33
1027_ESL,2,r25s5,36
1027_ESL,2,r25s5,41
1027_ESL,2,r25s5,110
1027_ESL,2,r25s5,111
1027_ESL,2,r25s5,112
1027_ESL,2,r25s5,115
1027_ESL,2,r25s5,116
1027_ESL,2,r25s5,117
1027_ESL,2,r25s5,118
1027_ESL,2,r25s5,119
1027_ESL,2,r25s5,120
1027_ESL,2,r25s5,121
1027_ESL,2,r25s5,122
1027_ESL,2,r25s5,123
1027_ESL,2,r25s5,125
1027_ESL,2,r25s5,127
1027_ESL,2,r50s1,0
1027_ESL,2,r50s1,1
1027_ESL,2,r50s1,14
1027_ESL,2,r50s1,20
1027_ESL,2,r50s1,112
1027_ESL,2,r50s1,118
1027_ESL,2,r50s1,121
1027_ESL,2,r50s3,0
1027_ESL,2,r50s3,1
1027_ESL,2,r50s3,2
1027_ESL,2,r50s3,9
1027_ESL,2,r50s3,12
1027_ESL,2,r50s3,13
1027_ESL,2,r50s3,14
1027_ESL,2,r50s3,20
1027_ESL,2,r50s3,25
1027_ESL,2,r50s3,27
1027_ESL,2,r50s3,111
1027_ESL,2,r50s3,112
1027_ESL,2,r50s3,116
1027_ESL,2,r50s3,117
1027_ESL,2,r50s3,118
1027_ESL,2,r50s3,120
1027_ESL,2,r50s3,121
1027_ESL,2,r50s3,123
1027_ESL,2,r50s3,125
1027_ESL,2,r50s5,0
1027_ESL,2,r50s5,1
1027_ESL,2,r50s5,2
1027_ESL,2,r50s5,3
1027_ESL,2,r50s5,5
1027_ESL,2,r50s5,6
1027_ESL,2,r50s5,10
1027_ESL,2,r50s5,11
1027_ESL,2,r50s5,12
1027_ESL,2,r50s5,13
1027_ESL,2,r50s5,14
1027_ESL,2,r50s5,20
1027_ESL,2,r50s5,21
1027_ESL,2,r50s5,22
1027_ESL,2,r50s5,26
1027_ESL,2,r50s5,28
1027_ESL,2,r50s5,110
1027_ESL,2,r50s5,111
1027_ESL,2,r50s5,112
1027_ESL,2,r50s5,115
1027_ESL,2,r50s5,116
1027_ESL,2,r50s5,117
1027_ESL,2,r50s5,118
1027_ESL,2,r50s5,119
1027_ESL,2,r50s5,120
1027_ESL,2,r50s5,121
1027_ESL,2,r50s5,122
1027_ESL,2,r50s5,123
1027_ESL,2,r50s5,125
1027_ESL,2,r50s5,127
1027_ESL,2,r100s1,0
1027_ESL,2,r100s1,1
1027_ESL,2,r100s1,14
1027_ESL,2,r100s1,19
1027_ESL,2,r100s1,112
1027_ESL,2,r100s1,118
1027_ESL,2,r100s1,121
1027_ESL,2,r100s3,0
1027_ESL,2,r100s3,1
1027_ESL,2,r100s3,2
1027_ESL,2,r100s3,5
1027_ESL,2,r100s3,12
1027_ESL,2,r100s3,13
1027_ESL,2,r100s3,14
1027_ESL,2,r100s3,19
1027_ESL,2,r100s3,20
1027_ESL,2,r100s3,21
1027_ESL,2,r100s3,111
1027_ESL,2,r100s3,112
1027_ESL,2,r100s3,116
1027_ESL,2,r100s3,117
1027_ESL,2,r100s3,118
1027_ESL,2,r100s3,120
1027_ESL,2,r100s3,121
1027_ESL,2,r100s3,123
1027_ESL,2,r100s3,125
1027_ESL,2,r100s5,0
1027_ESL,2,r100s5,1
1027_ESL,2,r100s5,2
1027_ESL,2,r100s5,3
1027_ESL,2,r100s5,5
1027_ESL,2,r100s5,9
1027_ESL,2,r100s5,10
1027_ESL,2,r100s5,11
1027_ESL,2,r100s5,12
1027_ESL,2,r100s5,13
1027_ESL,2,r100s5,14
1027_ESL,2,r100s5,19
1027_ESL,2,r100s5,20
1027_ESL,2,r100s5,21
1027_ESL,2,r100s5,22
1027_ESL,2,r100s5,23
1027_ESL,2,r100s5,110
1027_ESL,2,r100s5,111
1027_ESL,2,r100s5,112
1027_ESL,2,r100s5,115
1027_ESL,2,r100s5,116
1027_ESL,2,r100s5,117
1027_ESL,2,r100s5,118
1027_ESL,2,r100s5,119
1027_ESL,2,r100s5,120
1027_ESL,2,r100s5,121
1027_ESL,2,r100s5,122
1027_ESL,2,r100s5,123
1027_ESL,2,r100s5,125
1027_ESL,2,r100s5,127
1027_ESL,2,ga,2
1027_ESL,2,ga,4
1027_ESL,2,ga,6
1027_ESL,2,ga,8
1027_ESL,2,ga,10
1027_ESL,2,ga,12
1027_ESL,2,ga,13
1027_ESL,2,ga,16
1027_ESL,2,ga,17
1027_ESL,2,ga,18
1027_ESL,2,ga,19
1027_ESL,2,ga,21
1027_ESL,2,ga,23
1027_ESL,2,ga,24
1027_ESL,2,ga,25
1027_ESL,2,ga,29
1027_ESL,2,ga,30
1027_ESL,2,ga,33
1027_ESL,2,ga,34
1027_ESL,2,ga,37
1027_ESL,2,ga,38
1027_ESL,2,ga,40
1027_ESL,2,ga,41
1027_ESL,2,ga,43
1027_ESL,2,ga,49
1027_ESL,2,ga,50
1027_ESL,2,ga,52
1027_ESL,2,ga,53
1027_ESL,2,ga,54
1027_ESL,2,ga,57
1027_ESL,2,ga,58
1027_ESL,2,ga,59
1027_ESL,2,ga,60
1027_ESL,2,ga,65
1027_ESL,2,ga,66
1027_ESL,2,ga,67
1027_ESL,2,ga,69
1027_ESL,2,ga,70
1027_ESL,2,ga,71
1027_ESL,2,ga,75
1027_ESL,2,ga,76
1027_ESL,2,ga,77
1027_ESL,2,ga,85
1027_ESL,2,ga,86
1027_ESL,2,ga,87
1027_ESL,2,ga,91
1027_ESL,2,ga,92
1027_ESL,2,ga,93
1027_ESL,2,ga,94
1027_ESL,2,ga,95
1027_ESL,2,ga,97
1027_ESL,2,ga,100
1027_ESL,2,ga,104
1027_ESL,2,ga,107
1027_ESL,2,ga,109
1027_ESL,2,ga,110
1027_ESL,2,ga,112
1027_ESL,2,ga,115
1027_ESL,2,ga,117
1027_ESL,2,ga,120
1027_ESL,2,ga,121
1027_ESL,2,ga,122
1027_ESL,2,ga,124
1027_ESL,2,ga,125
1027_ESL,2,ga,127
1027_ESL,2,df,0
1027_ESL,2,df,3
1027_ESL,2,df,12
1027_ESL,2,df,45
1027_ESL,2,df,109
1027_ESL,2,df,117
1027_ESL,2,df,123
1027_ESL,2,dsc,14
1027_ESL,3,gs1,0
1027_ESL,3,gs1,1
1027_ESL,3,gs1,13
1027_ESL,3,gs1,19
1027_ESL,3,gs1,116
1027_ESL,3,gs1,118
1027_ESL,3,gs1,125
1027_ESL,3,gs3,0
1027_ESL,3,gs3,1
1027_ESL,3,gs3,2
1027_ESL,3,gs3,3
1027_ESL,3,gs3,12
1027_ESL,3,gs3,13
1027_ESL,3,gs3,14
1027_ESL,3,gs3,19
1027_ESL,3,gs3,20
1027_ESL,3,gs3,21
1027_ESL,3,gs3,111
1027_ESL,3,gs3,112
1027_ESL,3,gs3,116
1027_ESL,3,gs3,117
1027_ESL,3,gs3,118
1027_ESL,3,gs3,119
1027_ESL,3,gs3,123
1027_ESL,3,gs3,125
1027_ESL,3,gs3,127
1027_ESL,3,gs5,0
1027_ESL,3,gs5,1
1027_ESL,3,gs5,2
1027_ESL,3,gs5,3
1027_ESL,3,gs5,4
1027_ESL,3,gs5,5
1027_ESL,3,gs5,10
1027_ESL,3,gs5,11
1027_ESL,3,gs5,12
1027_ESL,3,gs5,13
1027_ESL,3,gs5,14
1027_ESL,3,gs5,19
1027_ESL,3,gs5,20
1027_ESL,3,gs5,21
1027_ESL,3,gs5,22
1027_ESL,3,gs5,23
1027_ESL,3,gs5,111
1027_ESL,3,gs5,112
1027_ESL,3,gs5,114
1027_ESL,3,gs5,115
1027_ESL,3,gs5,116
1027_ESL,3,gs5,117
1027_ESL,3,gs5,118
1027_ESL,3,gs5,119
1027_ESL,3,gs5,120
1027_ESL,3,gs5,121
1027_ESL,3,gs5,123
1027_ESL,3,gs5,125
1027_ESL,3,gs5,127
1027_ESL,3,gs5,128
1027_ESL,3,r10s1,0
1027_ESL,3,r10s1,1
1027_ESL,3,r10s1,13
1027_ESL,3,r10s1,22
1027_ESL,3,r10s1,116
1027_ESL,3,r10s1,118
1027_ESL,3,r10s1,125
1027_ESL,3,r10s3,0
1027_ESL,3,r10s3,1
1027_ESL,3,r10s3,2
1027_ESL,3,r10s3,6
1027_ESL,3,r10s3,12
1027_ESL,3,r10s3,13
1027_ESL,3,r10s3,14
1027_ESL,3,r10s3,29
1027_ESL,3,r10s3,36
1027_ESL,3,r10s3,37
1027_ESL,3,r10s3,111
1027_ESL,3,r10s3,112
1027_ESL,3,r10s3,116
1027_ESL,3,r10s3,117
1027_ESL,3,r10s3,118
1027_ESL,3,r10s3,119
1027_ESL,3,r10s3,123
1027_ESL,3,r10s3,125
1027_ESL,3,r10s3,127
1027_ESL,3,r10s5,0
1027_ESL,3,r10s5,1
1027_ESL,3,r10s5,2
1027_ESL,3,r10s5,5
1027_ESL,3,r10s5,8
1027_ESL,3,r10s5,9
1027_ESL,3,r10s5,10
1027_ESL,3,r10s5,11
1027_ESL,3,r10s5,12
1027_ESL,3,r10s5,13
1027_ESL,3,r10s5,14
1027_ESL,3,r10s5,49
1027_ESL,3,r10s5,58
1027_ESL,3,r10s5,61
1027_ESL,3,r10s5,84
1027_ESL,3,r10s5,91
1027_ESL,3,r10s5,111
1027_ESL,3,r10s5,112
1027_ESL,3,r10s5,114
1027_ESL,3,r10s5,115
1027_ESL,3,r10s5,116
1027_ESL,3,r10s5,117
1027_ESL,3,r10s5,118
1027_ESL,3,r10s5,119
1027_ESL,3,r10s5,120
1027_ESL,3,r10s5,121
1027_ESL,3,r10s5,123
1027_ESL,3,r10s5,125
1027_ESL,3,r10s5,127
1027_ESL,3,r10s5,128
1027_ESL,3,r25s1,0
1027_ESL,3,r25s1,1
1027_ESL,3,r25s1,13
1027_ESL,3,r25s1,22
1027_ESL,3,r25s1,116
1027_ESL,3,r25s1,118
1027_ESL,3,r25s1,125
1027_ESL,3,r25s3,0
1027_ESL,3,r25s3,1
1027_ESL,3,r25s3,2
1027_ESL,3,r25s3,9
1027_ESL,3,r25s3,12
1027_ESL,3,r25s3,13
1027_ESL,3,r25s3,14
1027_ESL,3,r25s3,22
1027_ESL,3,r25s3,23
1027_ESL,3,r25s3,25
1027_ESL,3,r25s3,111
1027_ESL,3,r25s3,112
1027_ESL,3,r25s3,116
1027_ESL,3,r25s3,117
1027_ESL,3,r25s3,118
1027_ESL,3,r25s3,119
1027_ESL,3,r25s3,123
1027_ESL,3,r25s3,125
1027_ESL,3,r25s3,127
1027_ESL,3,r25s5,0
1027_ESL,3,r25s5,1
1027_ESL,3,r25s5,2
1027_ESL,3,r25s5,4
1027_ESL,3,r25s5,6
1027_ESL,3,r25s5,7
1027_ESL,3,r25s5,10
1027_ESL,3,r25s5,11
1027_ESL,3,r25s5,12
1027_ESL,3,r25s5,13
1027_ESL,3,r25s5,14
1027_ESL,3,r25s5,19
1027_ESL,3,r25s5,23
1027_ESL,3,r25s5,25
1027_ESL,3,r25s5,30
1027_ESL,3,r25s5,34
1027_ESL,3,r25s5,111
1027_ESL,3,r25s5,112
1027_ESL,3,r25s5,114
1027_ESL,3,r25s5,115
1027_ESL,3,r25s5,116
1027_ESL,3,r25s5,117
1027_ESL,3,r25s5,118
1027_ESL,3,r25s5,119
1027_ESL,3,r25s5,120
1027_ESL,3,r25s5,121
1027_ESL,3,r25s5,123
1027_ESL,3,r25s5,125
1027_ESL,3,r25s5,127
1027_ESL,3,r25s5,128
1027_ESL,3,r50s1,0
1027_ESL,3,r50s1,1
1027_ESL,3,r50s1,13
1027_ESL,3,r50s1,19
1027_ESL,3,r50s1,116
1027_ESL,3,r50s1,118
1027_ESL,3,r50s1,125
1027_ESL,3,r50s3,0
1027_ESL,3,r50s3,1
1027_ESL,3,r50s3,2
1027_ESL,3,r50s3,4
1027_ESL,3,r50s3,12
1027_ESL,3,r50s3,13
1027_ESL,3,r50s3,14
1027_ESL,3,r50s3,19
1027_ESL,3,r50s3,21
1027_ESL,3,r50s3,26
1027_ESL,3,r50s3,111
1027_ESL,3,r50s3,112
1027_ESL,3,r50s3,116
1027_ESL,3,r50s3,117
1027_ESL,3,r50s3,118
1027_ESL,3,r50s3,119
1027_ESL,3,r50s3,123
1027_ESL,3,r50s3,125
1027_ESL,3,r50s3,127
1027_ESL,3,r50s5,0
1027_ESL,3,r50s5,1
1027_ESL,3,r50s5,2
1027_ESL,3,r50s5,3
1027_ESL,3,r50s5,7
1027_ESL,3,r50s5,9
1027_ESL,3,r50s5,10
1027_ESL,3,r50s5,11
1027_ESL,3,r50s5,12
1027_ESL,3,r50s5,13
1027_ESL,3,r50s5,14
1027_ESL,3,r50s5,19
1027_ESL,3,r50s5,20
1027_ESL,3,r50s5,22
1027_ESL,3,r50s5,25
1027_ESL,3,r50s5,29
1027_ESL,3,r50s5,111
1027_ESL,3,r50s5,112
1027_ESL,3,r50s5,114
1027_ESL,3,r50s5,115
1027_ESL,3,r50s5,116
1027_ESL,3,r50s5,117
1027_ESL,3,r50s5,118
1027_ESL,3,r50s5,119
1027_ESL,3,r50s5,120
1027_ESL,3,r50s5,121
1027_ESL,3,r50s5,123
1027_ESL,3,r50s5,125
1027_ESL,3,r50s5,127
1027_ESL,3,r50s5,128
1027_ESL,3,r100s1,0
1027_ESL,3,r100s1,1
1027_ESL,3,r100s1,13
1027_ESL,3,r100s1,19
1027_ESL,3,r100s1,116
1027_ESL,3,r100s1,118
1027_ESL,3,r100s1,125
1027_ESL,3,r100s3,0
1027_ESL,3,r100s3,1
1027_ESL,3,r100s3,2
1027_ESL,3,r100s3,6
1027_ESL,3,r100s3,12
1027_ESL,3,r100s3,13
1027_ESL,3,r100s3,14
1027_ESL,3,r100s3,19
1027_ESL,3,r100s3,20
1027_ESL,3,r100s3,21
1027_ESL,3,r100s3,111
1027_ESL,3,r100s3,112
1027_ESL,3,r100s3,116
1027_ESL,3,r100s3,117
1027_ESL,3,r100s3,118
1027_ESL,3,r100s3,119
1027_ESL,3,r100s3,123
1027_ESL,3,r100s3,125
1027_ESL,3,r100s3,127
1027_ESL,3,r100s5,0
1027_ESL,3,r100s5,1
1027_ESL,3,r100s5,2
1027_ESL,3,r100s5,6
1027_ESL,3,r100s5,7
1027_ESL,3,r100s5,9
1027_ESL,3,r100s5,10
1027_ESL,3,r100s5,11
1027_ESL,3,r100s5,12
1027_ESL,3,r100s5,13
1027_ESL,3,r100s5,14
1027_ESL,3,r100s5,19
1027_ESL,3,r100s5,20
1027_ESL,3,r100s5,21
1027_ESL,3,r100s5,22
1027_ESL,3,r100s5,23
1027_ESL,3,r100s5,111
1027_ESL,3,r100s5,112
1027_ESL,3,r100s5,114
1027_ESL,3,r100s5,115
1027_ESL,3,r100s5,116
1027_ESL,3,r100s5,117
1027_ESL,3,r100s5,118
1027_ESL,3,r100s5,119
1027_ESL,3,r100s5,120
1027_ESL,3,r100s5,121
1027_ESL,3,r100s5,123
1027_ESL,3,r100s5,125
1027_ESL,3,r100s5,127
1027_ESL,3,r100s5,128
1027_ESL,3,ga,0
1027_ESL,3,ga,2
1027_ESL,3,ga,9
1027_ESL,3,ga,11
1027_ESL,3,ga,14
1027_ESL,3,ga,15
1027_ESL,3,ga,16
1027_ESL,3,ga,17
1027_ESL,3,ga,18
1027_ESL,3,ga,19
1027_ESL,3,ga,23
1027_ESL,3,ga,25
1027_ESL,3,ga,26
1027_ESL,3,ga,27
1027_ESL,3,ga,30
1027_ESL,3,ga,33
1027_ESL,3,ga,34
1027_ESL,3,ga,37
1027_ESL,3,ga,38
1027_ESL,3,ga,39
1027_ESL,3,ga,42
1027_ESL,3,ga,43
1027_ESL,3,ga,44
1027_ESL,3,ga,46
1027_ESL,3,ga,47
1027_ESL,3,ga,48
1027_ESL,3,ga,50
1027_ESL,3,ga,52
1027_ESL,3,ga,53
1027_ESL,3,ga,54
1027_ESL,3,ga,58
1027_ESL,3,ga,59
1027_ESL,3,ga,60
1027_ESL,3,ga,62
1027_ESL,3,ga,65
1027_ESL,3,ga,66
1027_ESL,3,ga,68
1027_ESL,3,ga,70
1027_ESL,3,ga,71
1027_ESL,3,ga,77
1027_ESL,3,ga,78
1027_ESL,3,ga,80
1027_ESL,3,ga,83
1027_ESL,3,ga,84
1027_ESL,3,ga,85
1027_ESL,3,ga,86
1027_ESL,3,ga,87
1027_ESL,3,ga,88
1027_ESL,3,ga,92
1027_ESL,3,ga,93
1027_ESL,3,ga,96
1027_ESL,3,ga,98
1027_ESL,3,ga,99
1027_ESL,3,ga,100
1027_ESL,3,ga,102
1027_ESL,3,ga,103
1027_ESL,3,ga,104
1027_ESL,3,ga,106
1027_ESL,3,ga,107
1027_ESL,3,ga,110
1027_ESL,3,ga,113
1027_ESL,3,ga,114
1027_ESL,3,ga,116
1027_ESL,3,ga,117
1027_ESL,3,ga,119
1027_ESL,3,ga,120
1027_ESL,3,ga,121
1027_ESL,3,ga,122
1027_ESL,3,ga,123
1027_ESL,3,ga,124
1027_ESL,3,ga,125
1027_ESL,3,ga,127
1027_ESL,3,ga,128
1027_ESL,3,df,0
1027_ESL,3,df,3
1027_ESL,3,df,12
1027_ESL,3,df,45
1027_ESL,3,df,109
1027_ESL,3,df,117
1027_ESL,3,df,123
1027_ESL,3,dsc,13
1027_ESL,4,gs1,0
1027_ESL,4,gs1,1
1027_ESL,4,gs1,13
1027_ESL,4,gs1,19
1027_ESL,4,gs1,111
1027_ESL,4,gs1,117
1027_ESL,4,gs1,125
1027_ESL,4,gs3,0
1027_ESL,4,gs3,1
1027_ESL,4,gs3,2
1027_ESL,4,gs3,3
1027_ESL,4,gs3,12
1027_ESL,4,gs3,13
1027_ESL,4,gs3,14
1027_ESL,4,gs3,19
1027_ESL,4,gs3,20
1027_ESL,4,gs3,21
1027_ESL,4,gs3,111
1027_ESL,4,gs3,112
1027_ESL,4,gs3,116
1027_ESL,4,gs3,117
1027_ESL,4,gs3,118
1027_ESL,4,gs3,120
1027_ESL,4,gs3,123
1027_ESL,4,gs3,125
1027_ESL,4,gs3,127
1027_ESL,4,gs5,0
1027_ESL,4,gs5,1
1027_ESL,4,gs5,2
1027_ESL,4,gs5,3
1027_ESL,4,gs5,4
1027_ESL,4,gs5,5
1027_ESL,4,gs5,10
1027_ESL,4,gs5,11
1027_ESL,4,gs5,12
1027_ESL,4,gs5,13
1027_ESL,4,gs5,14
1027_ESL,4,gs5,19
1027_ESL,4,gs5,20
1027_ESL,4,gs5,21
1027_ESL,4,gs5,22
1027_ESL,4,gs5,23
1027_ESL,4,gs5,110
1027_ESL,4,gs5,111
1027_ESL,4,gs5,112
1027_ESL,4,gs5,115
1027_ESL,4,gs5,116
1027_ESL,4,gs5,117
1027_ESL,4,gs5,118
1027_ESL,4,gs5,119
1027_ESL,4,gs5,120
1027_ESL,4,gs5,121
1027_ESL,4,gs5,123
1027_ESL,4,gs5,125
1027_ESL,4,gs5,126
1027_ESL,4,gs5,127
1027_ESL,4,r10s1,0
1027_ESL,4,r10s1,1
1027_ESL,4,r10s1,13
1027_ESL,4,r10s1,20
1027_ESL,4,r10s1,111
1027_ESL,4,r10s1,117
1027_ESL,4,r10s1,125
1027_ESL,4,r10s3,0
1027_ESL,4,r10s3,1
1027_ESL,4,r10s3,2
1027_ESL,4,r10s3,8
1027_ESL,4,r10s3,12
1027_ESL,4,r10s3,13
1027_ESL,4,r10s3,14
1027_ESL,4,r10s3,39
1027_ESL,4,r10s3,50
1027_ESL,4,r10s3,91
1027_ESL,4,r10s3,111
1027_ESL,4,r10s3,112
1027_ESL,4,r10s3,116
1027_ESL,4,r10s3,117
1027_ESL,4,r10s3,118
1027_ESL,4,r10s3,120
1027_ESL,4,r10s3,123
1027_ESL,4,r10s3,125
1027_ESL,4,r10s3,127
1027_ESL,4,r10s5,0
1027_ESL,4,r10s5,1
1027_ESL,4,r10s5,2
1027_ESL,4,r10s5,4
1027_ESL,4,r10s5,7
1027_ESL,4,r10s5,9
1027_ESL,4,r10s5,10
1027_ESL,4,r10s5,11
1027_ESL,4,r10s5,12
1027_ESL,4,r10s5,13
1027_ESL,4,r10s5,14
1027_ESL,4,r10s5,25
1027_ESL,4,r10s5,26
1027_ESL,4,r10s5,38
1027_ESL,4,r10s5,70
1027_ESL,4,r10s5,73
1027_ESL,4,r10s5,110
1027_ESL,4,r10s5,111
1027_ESL,4,r10s5,112
1027_ESL,4,r10s5,115
1027_ESL,4,r10s5,116
1027_ESL,4,r10s5,117
1027_ESL,4,r10s5,118
1027_ESL,4,r10s5,119
1027_ESL,4,r10s5,120
1027_ESL,4,r10s5,121
1027_ESL,4,r10s5,123
1027_ESL,4,r10s5,125
1027_ESL,4,r10s5,126
1027_ESL,4,r10s5,127
1027_ESL,4,r25s1,0
1027_ESL,4,r25s1,1
1027_ESL,4,r25s1,13
1027_ESL,4,r25s1,20
1027_ESL,4,r25s1,111
1027_ESL,4,r25s1,117
1027_ESL,4,r25s1,125
1027_ESL,4,r25s3,0
1027_ESL,4,r25s3,1
1027_ESL,4,r25s3,2
1027_ESL,4,r25s3,4
1027_ESL,4,r25s3,12
1027_ESL,4,r25s3,13
1027_ESL,4,r25s3,14
1027_ESL,4,r25s3,19
1027_ESL,4,r25s3,22
1027_ESL,4,r25s3,28
1027_ESL,4,r25s3,111
1027_ESL,4,r25s3,112
1027_ESL,4,r25s3,116
1027_ESL,4,r25s3,117
1027_ESL,4,r25s3,118
1027_ESL,4,r25s3,120
1027_ESL,4,r25s3,123
1027_ESL,4,r25s3,125
1027_ESL,4,r25s3,127
1027_ESL,4,r25s5,0
1027_ESL,4,r25s5,1
1027_ESL,4,r25s5,2
1027_ESL,4,r25s5,7
1027_ESL,4,r25s5,8
1027_ESL,4,r25s5,9
1027_ESL,4,r25s5,10
1027_ESL,4,r25s5,11
1027_ESL,4,r25s5,12
1027_ESL,4,r25s5,13
1027_ESL,4,r25s5,14
1027_ESL,4,r25s5,19
1027_ESL,4,r25s5,23
1027_ESL,4,r25s5,25
1027_ESL,4,r25s5,31
1027_ESL,4,r25s5,32
1027_ESL,4,r25s5,110
1027_ESL,4,r25s5,111
1027_ESL,4,r25s5,112
1027_ESL,4,r25s5,115
1027_ESL,4,r25s5,116
1027_ESL,4,r25s5,117
1027_ESL,4,r25s5,118
1027_ESL,4,r25s5,119
1027_ESL,4,r25s5,120
1027_ESL,4,r25s5,121
1027_ESL,4,r25s5,123
1027_ESL,4,r25s5,125
1027_ESL,4,r25s5,126
1027_ESL,4,r25s5,127
1027_ESL,4,r50s1,0
1027_ESL,4,r50s1,1
1027_ESL,4,r50s1,13
1027_ESL,4,r50s1,20
1027_ESL,4,r50s1,111
1027_ESL,4,r50s1,117
1027_ESL,4,r50s1,125
1027_ESL,4,r50s3,0
1027_ESL,4,r50s3,1
1027_ESL,4,r50s3,2
1027_ESL,4,r50s3,8
1027_ESL,4,r50s3,12
1027_ESL,4,r50s3,13
1027_ESL,4,r50s3,14
1027_ESL,4,r50s3,21
1027_ESL,4,r50s3,23
1027_ESL,4,r50s3,24
1027_ESL,4,r50s3,111
1027_ESL,4,r50s3,112
1027_ESL,4,r50s3,116
1027_ESL,4,r50s3,117
1027_ESL,4,r50s3,118
1027_ESL,4,r50s3,120
1027_ESL,4,r50s3,123
1027_ESL,4,r50s3,125
1027_ESL,4,r50s3,127
1027_ESL,4,r50s5,0
1027_ESL,4,r50s5,1
1027_ESL,4,r50s5,2
1027_ESL,4,r50s5,4
1027_ESL,4,r50s5,6
1027_ESL,4,r50s5,9
1027_ESL,4,r50s5,10
1027_ESL,4,r50s5,11
1027_ESL,4,r50s5,12
1027_ESL,4,r50s5,13
1027_ESL,4,r50s5,14
1027_ESL,4,r50s5,20
1027_ESL,4,r50s5,22
1027_ESL,4,r50s5,25
1027_ESL,4,r50s5,26
1027_ESL,4,r50s5,27
1027_ESL,4,r50s5,110
1027_ESL,4,r50s5,111
1027_ESL,4,r50s5,112
1027_ESL,4,r50s5,115
1027_ESL,4,r50s5,116
1027_ESL,4,r50s5,117
1027_ESL,4,r50s5,118
1027_ESL,4,r50s5,119
1027_ESL,4,r50s5,120
1027_ESL,4,r50s5,121
1027_ESL,4,r50s5,123
1027_ESL,4,r50s5,125
1027_ESL,4,r50s5,126
1027_ESL,4,r50s5,127
1027_ESL,4,r100s1,0
1027_ESL,4,r100s1,1
1027_ESL,4,r100s1,13
1027_ESL,4,r100s1,19
1027_ESL,4,r100s1,111
1027_ESL,4,r100s1,117
1027_ESL,4,r100s1,125
1027_ESL,4,r100s3,0
1027_ESL,4,r100s3,1
1027_ESL,4,r100s3,2
1027_ESL,4,r100s3,5
1027_ESL,4,r100s3,12
1027_ESL,4,r100s3,13
1027_ESL,4,r100s3,14
1027_ESL,4,r100s3,19
1027_ESL,4,r100s3,20
1027_ESL,4,r100s3,21
1027_ESL,4,r100s3,111
1027_ESL,4,r100s3,112
1027_ESL,4,r100s3,116
1027_ESL,4,r100s3,117
1027_ESL,4,r100s3,118
1027_ESL,4,r100s3,120
1027_ESL,4,r100s3,123
1027_ESL,4,r100s3,125
1027_ESL,4,r100s3,127
1027_ESL,4,r100s5,0
1027_ESL,4,r100s5,1
1027_ESL,4,r100s5,2
1027_ESL,4,r100s5,4
1027_ESL,4,r100s5,7
1027_ESL,4,r100s5,8
1027_ESL,4,r100s5,10
1027_ESL,4,r100s5,11
1027_ESL,4,r100s5,12
1027_ESL,4,r100s5,13
1027_ESL,4,r100s5,14
1027_ESL,4,r100s5,19
1027_ESL,4,r100s5,20
1027_ESL,4,r100s5,21
1027_ESL,4,r100s5,22
1027_ESL,4,r100s5,23
1027_ESL,4,r100s5,110
1027_ESL,4,r100s5,111
1027_ESL,4,r100s5,112
1027_ESL,4,r100s5,115
1027_ESL,4,r100s5,116
1027_ESL,4,r100s5,117
1027_ESL,4,r100s5,118
1027_ESL,4,r100s5,119
1027_ESL,4,r100s5,120
1027_ESL,4,r100s5,121
1027_ESL,4,r100s5,123
1027_ESL,4,r100s5,125
1027_ESL,4,r100s5,126
1027_ESL,4,r100s5,127
1027_ESL,4,ga,0
1027_ESL,4,ga,5
1027_ESL,4,ga,7
1027_ESL,4,ga,11
1027_ESL,4,ga,13
1027_ESL,4,ga,15
1027_ESL,4,ga,17
1027_ESL,4,ga,21
1027_ESL,4,ga,22
1027_ESL,4,ga,24
1027_ESL,4,ga,28
1027_ESL,4,ga,29
1027_ESL,4,ga,31
1027_ESL,4,ga,32
1027_ESL,4,ga,33
1027_ESL,4,ga,34
1027_ESL,4,ga,35
1027_ESL,4,ga,43
1027_ESL,4,ga,46
1027_ESL,4,ga,50
1027_ESL,4,ga,51
1027_ESL,4,ga,52
1027_ESL,4,ga,53
1027_ESL,4,ga,54
1027_ESL,4,ga,55
1027_ESL,4,ga,56
1027_ESL,4,ga,58
1027_ESL,4,ga,59
1027_ESL,4,ga,62
1027_ESL,4,ga,63
1027_ESL,4,ga,67
1027_ESL,4,ga,68
1027_ESL,4,ga,69
1027_ESL,4,ga,71
1027_ESL,4,ga,72
1027_ESL,4,ga,73
1027_ESL,4,ga,78
1027_ESL,4,ga,79
1027_ESL,4,ga,80
1027_ESL,4,ga,81
1027_ESL,4,ga,87
1027_ESL,4,ga,89
1027_ESL,4,ga,90
1027_ESL,4,ga,92
1027_ESL,4,ga,94
1027_ESL,4,ga,95
1027_ESL,4,ga,100
1027_ESL,4,ga,104
1027_ESL,4,ga,105
1027_ESL,4,ga,107
1027_ESL,4,ga,108
1027_ESL,4,ga,112
1027_ESL,4,ga,114
1027_ESL,4,ga,115
1027_ESL,4,ga,116
1027_ESL,4,ga,120
1027_ESL,4,ga,121
1027_ESL,4,ga,122
1027_ESL,4,ga,125
1027_ESL,4,ga,126
1027_ESL,4,ga,127
1027_ESL,4,ga,128
1027_ESL,4,df,0
1027_ESL,4,df,3
1027_ESL,4,df,12
1027_ESL,4,df,45
1027_ESL,4,df,109
1027_ESL,4,df,117
1027_ESL,4,df,123
1027_ESL,4,dsc,13
1027_ESL,5,gs1,0
1027_ESL,5,gs1,1
1027_ESL,5,gs1,14
1027_ESL,5,gs1,19
1027_ESL,5,gs1,112
1027_ESL,5,gs1,117
1027_ESL,5,gs1,127
1027_ESL,5,gs3,0
1027_ESL,5,gs3,1
1027_ESL,5,gs3,2
1027_ESL,5,gs3,3
1027_ESL,5,gs3,12
1027_ESL,5,gs3,13
1027_ESL,5,gs3,14
1027_ESL,5,gs3,19
1027_ESL,5,gs3,20
1027_ESL,5,gs3,21
1027_ESL,5,gs3,111
1027_ESL,5,gs3,112
1027_ESL,5,gs3,116
1027_ESL,5,gs3,117
1027_ESL,5,gs3,118
1027_ESL,5,gs3,120
1027_ESL,5,gs3,123
1027_ESL,5,gs3,125
1027_ESL,5,gs3,127
1027_ESL,5,gs5,0
1027_ESL,5,gs5,1
1027_ESL,5,gs5,2
1027_ESL,5,gs5,3
1027_ESL,5,gs5,4
1027_ESL,5,gs5,5
1027_ESL,5,gs5,10
1027_ESL,5,gs5,11
1027_ESL,5,gs5,12
1027_ESL,5,gs5,13
1027_ESL,5,gs5,14
1027_ESL,5,gs5,19
1027_ESL,5,gs5,20
1027_ESL,5,gs5,21
1027_ESL,5,gs5,22
1027_ESL,5,gs5,23
1027_ESL,5,gs5,111
1027_ESL,5,gs5,112
1027_ESL,5,gs5,113
1027_ESL,5,gs5,114
1027_ESL,5,gs5,116
1027_ESL,5,gs5,117
1027_ESL,5,gs5,118
1027_ESL,5,gs5,119
1027_ESL,5,gs5,120
1027_ESL,5,gs5,121
1027_ESL,5,gs5,123
1027_ESL,5,gs5,125
1027_ESL,5,gs5,127
1027_ESL,5,gs5,128
1027_ESL,5,r10s1,0
1027_ESL,5,r10s1,1
1027_ESL,5,r10s1,14
1027_ESL,5,r10s1,28
1027_ESL,5,r10s1,112
1027_ESL,5,r10s1,117
1027_ESL,5,r10s1,127
1027_ESL,5,r10s3,0
1027_ESL,5,r10s3,1
1027_ESL,5,r10s3,2
1027_ESL,5,r10s3,6
1027_ESL,5,r10s3,12
1027_ESL,5,r10s3,13
1027_ESL,5,r10s3,14
1027_ESL,5,r10s3,19
1027_ESL,5,r10s3,22
1027_ESL,5,r10s3,34
1027_ESL,5,r10s3,111
1027_ESL,5,r10s3,112
1027_ESL,5,r10s3,116
1027_ESL,5,r10s3,117
1027_ESL,5,r10s3,118
1027_ESL,5,r10s3,120
1027_ESL,5,r10s3,123
1027_ESL,5,r10s3,125
1027_ESL,5,r10s3,127
1027_ESL,5,r10s5,0
1027_ESL,5,r10s5,1
1027_ESL,5,r10s5,2
1027_ESL,5,r10s5,3
1027_ESL,5,r10s5,6
1027_ESL,5,r10s5,7
1027_ESL,5,r10s5,10
1027_ESL,5,r10s5,11
1027_ESL,5,r10s5,12
1027_ESL,5,r10s5,13
1027_ESL,5,r10s5,14
1027_ESL,5,r10s5,20
1027_ESL,5,r10s5,29
1027_ESL,5,r10s5,49
1027_ESL,5,r10s5,78
1027_ESL,5,r10s5,88
1027_ESL,5,r10s5,111
1027_ESL,5,r10s5,112
1027_ESL,5,r10s5,113
1027_ESL,5,r10s5,114
1027_ESL,5,r10s5,116
1027_ESL,5,r10s5,117
1027_ESL,5,r10s5,118
1027_ESL,5,r10s5,119
1027_ESL,5,r10s5,120
1027_ESL,5,r10s5,121
1027_ESL,5,r10s5,123
1027_ESL,5,r10s5,125
1027_ESL,5,r10s5,127
1027_ESL,5,r10s5,128
1027_ESL,5,r25s1,0
1027_ESL,5,r25s1,1
1027_ESL,5,r25s1,14
1027_ESL,5,r25s1,23
1027_ESL,5,r25s1,112
1027_ESL,5,r25s1,117
1027_ESL,5,r25s1,127
1027_ESL,5,r25s3,0
1027_ESL,5,r25s3,1
1027_ESL,5,r25s3,2
1027_ESL,5,r25s3,7
1027_ESL,5,r25s3,12
1027_ESL,5,r25s3,13
1027_ESL,5,r25s3,14
1027_ESL,5,r25s3,19
1027_ESL,5,r25s3,24
1027_ESL,5,r25s3,27
1027_ESL,5,r25s3,111
1027_ESL,5,r25s3,112
1027_ESL,5,r25s3,116
1027_ESL,5,r25s3,117
1027_ESL,5,r25s3,118
1027_ESL,5,r25s3,120
1027_ESL,5,r25s3,123
1027_ESL,5,r25s3,125
1027_ESL,5,r25s3,127
1027_ESL,5,r25s5,0
1027_ESL,5,r25s5,1
1027_ESL,5,r25s5,2
1027_ESL,5,r25s5,4
1027_ESL,5,r25s5,5
1027_ESL,5,r25s5,8
1027_ESL,5,r25s5,10
1027_ESL,5,r25s5,11
1027_ESL,5,r25s5,12
1027_ESL,5,r25s5,13
1027_ESL,5,r25s5,14
1027_ESL,5,r25s5,26
1027_ESL,5,r25s5,29
1027_ESL,5,r25s5,32
1027_ESL,5,r25s5,36
1027_ESL,5,r25s5,38
1027_ESL,5,r25s5,111
1027_ESL,5,r25s5,112
1027_ESL,5,r25s5,113
1027_ESL,5,r25s5,114
1027_ESL,5,r25s5,116
1027_ESL,5,r25s5,117
1027_ESL,5,r25s5,118
1027_ESL,5,r25s5,119
1027_ESL,5,r25s5,120
1027_ESL,5,r25s5,121
1027_ESL,5,r25s5,123
1027_ESL,5,r25s5,125
1027_ESL,5,r25s5,127
1027_ESL,5,r25s5,128
1027_ESL,5,r50s1,0
1027_ESL,5,r50s1,1
1027_ESL,5,r50s1,14
1027_ESL,5,r50s1,22
1027_ESL,5,r50s1,112
1027_ESL,5,r50s1,117
1027_ESL,5,r50s1,127
1027_ESL,5,r50s3,0
1027_ESL,5,r50s3,1
1027_ESL,5,r50s3,2
1027_ESL,5,r50s3,4
1027_ESL,5,r50s3,12
1027_ESL,5,r50s3,13
1027_ESL,5,r50s3,14
1027_ESL,5,r50s3,19
1027_ESL,5,r50s3,21
1027_ESL,5,r50s3,22
1027_ESL,5,r50s3,111
1027_ESL,5,r50s3,112
1027_ESL,5,r50s3,116
1027_ESL,5,r50s3,117
1027_ESL,5,r50s3,118
1027_ESL,5,r50s3,120
1027_ESL,5,r50s3,123
1027_ESL,5,r50s3,125
1027_ESL,5,r50s3,127
1027_ESL,5,r50s5,0
1027_ESL,5,r50s5,1
1027_ESL,5,r50s5,2
1027_ESL,5,r50s5,3
1027_ESL,5,r50s5,8
1027_ESL,5,r50s5,9
1027_ESL,5,r50s5,10
1027_ESL,5,r50s5,11
1027_ESL,5,r50s5,12
1027_ESL,5,r50s5,13
1027_ESL,5,r50s5,14
1027_ESL,5,r50s5,19
1027_ESL,5,r50s5,21
1027_ESL,5,r50s5,22
1027_ESL,5,r50s5,23
1027_ESL,5,r50s5,29
1027_ESL,5,r50s5,111
1027_ESL,5,r50s5,112
1027_ESL,5,r50s5,113
1027_ESL,5,r50s5,114
1027_ESL,5,r50s5,116
1027_ESL,5,r50s5,117
1027_ESL,5,r50s5,118
1027_ESL,5,r50s5,119
1027_ESL,5,r50s5,120
1027_ESL,5,r50s5,121
1027_ESL,5,r50s5,123
1027_ESL,5,r50s5,125
1027_ESL,5,r50s5,127
1027_ESL,5,r50s5,128
1027_ESL,5,r100s1,0
1027_ESL,5,r100s1,1
1027_ESL,5,r100s1,14
1027_ESL,5,r100s1,19
1027_ESL,5,r100s1,112
1027_ESL,5,r100s1,117
1027_ESL,5,r100s1,127
1027_ESL,5,r100s3,0
1027_ESL,5,r100s3,1
1027_ESL,5,r100s3,2
1027_ESL,5,r100s3,5
1027_ESL,5,r100s3,12
1027_ESL,5,r100s3,13
1027_ESL,5,r100s3,14
1027_ESL,5,r100s3,19
1027_ESL,5,r100s3,20
1027_ESL,5,r100s3,21
1027_ESL,5,r100s3,111
1027_ESL,5,r100s3,112
1027_ESL,5,r100s3,116
1027_ESL,5,r100s3,117
1027_ESL,5,r100s3,118
1027_ESL,5,r100s3,120
1027_ESL,5,r100s3,123
1027_ESL,5,r100s3,125
1027_ESL,5,r100s3,127
1027_ESL,5,r100s5,0
1027_ESL,5,r100s5,1
1027_ESL,5,r100s5,2
1027_ESL,5,r100s5,4
1027_ESL,5,r100s5,7
1027_ESL,5,r100s5,9
1027_ESL,5,r100s5,10
1027_ESL,5,r100s5,11
1027_ESL,5,r100s5,12
1027_ESL,5,r100s5,13
1027_ESL,5,r100s5,14
1027_ESL,5,r100s5,19
1027_ESL,5,r100s5,20
1027_ESL,5,r100s5,21
1027_ESL,5,r100s5,22
1027_ESL,5,r100s5,23
1027_ESL,5,r100s5,111
1027_ESL,5,r100s5,112
1027_ESL,5,r100s5,113
1027_ESL,5,r100s5,114
1027_ESL,5,r100s5,116
1027_ESL,5,r100s5,117
1027_ESL,5,r100s5,118
1027_ESL,5,r100s5,119
1027_ESL,5,r100s5,120
1027_ESL,5,r100s5,121
1027_ESL,5,r100s5,123
1027_ESL,5,r100s5,125
1027_ESL,5,r100s5,127
1027_ESL,5,r100s5,128
1027_ESL,5,ga,0
1027_ESL,5,ga,2
1027_ESL,5,ga,3
1027_ESL,5,ga,6
1027_ESL,5,ga,11
1027_ESL,5,ga,14
1027_ESL,5,ga,15
1027_ESL,5,ga,18
1027_ESL,5,ga,19
1027_ESL,5,ga,21
1027_ESL,5,ga,22
1027_ESL,5,ga,23
1027_ESL,5,ga,24
1027_ESL,5,ga,25
1027_ESL,5,ga,27
1027_ESL,5,ga,28
1027_ESL,5,ga,29
1027_ESL,5,ga,31
1027_ESL,5,ga,32
1027_ESL,5,ga,35
1027_ESL,5,ga,39
1027_ESL,5,ga,42
1027_ESL,5,ga,46
1027_ESL,5,ga,47
1027_ESL,5,ga,48
1027_ESL,5,ga,52
1027_ESL,5,ga,53
1027_ESL,5,ga,54
1027_ESL,5,ga,56
1027_ESL,5,ga,58
1027_ESL,5,ga,59
1027_ESL,5,ga,61
1027_ESL,5,ga,65
1027_ESL,5,ga,66
1027_ESL,5,ga,69
1027_ESL,5,ga,70
1027_ESL,5,ga,71
1027_ESL,5,ga,73
1027_ESL,5,ga,79
1027_ESL,5,ga,80
1027_ESL,5,ga,81
1027_ESL,5,ga,83
1027_ESL,5,ga,86
1027_ESL,5,ga,87
1027_ESL,5,ga,94
1027_ESL,5,ga,95
1027_ESL,5,ga,97
1027_ESL,5,ga,102
1027_ESL,5,ga,105
1027_ESL,5,ga,106
1027_ESL,5,ga,108
1027_ESL,5,ga,113
1027_ESL,5,ga,114
1027_ESL,5,ga,118
1027_ESL,5,ga,119
1027_ESL,5,ga,121
1027_ESL,5,ga,123
1027_ESL,5,ga,127
1027_ESL,5,df,0
1027_ESL,5,df,3
1027_ESL,5,df,12
1027_ESL,5,df,45
1027_ESL,5,df,109
1027_ESL,5,df,117
1027_ESL,5,df,123
1027_ESL,5,dsc,14
1027_ESL,6,gs1,0
1027_ESL,6,gs1,1
1027_ESL,6,gs1,14
1027_ESL,6,gs1,19
1027_ESL,6,gs1,116
1027_ESL,6,gs1,118
1027_ESL,6,gs1,123
1027_ESL,6,gs3,0
1027_ESL,6,gs3,1
1027_ESL,6,gs3,2
1027_ESL,6,gs3,3
1027_ESL,6,gs3,12
1027_ESL,6,gs3,13
1027_ESL,6,gs3,14
1027_ESL,6,gs3,19
1027_ESL,6,gs3,20
1027_ESL,6,gs3,21
1027_ESL,6,gs3,111
1027_ESL,6,gs3,112
1027_ESL,6,gs3,116
1027_ESL,6,gs3,117
1027_ESL,6,gs3,118
1027_ESL,6,gs3,119
1027_ESL,6,gs3,123
1027_ESL,6,gs3,125
1027_ESL,6,gs3,127
1027_ESL,6,gs5,0
1027_ESL,6,gs5,1
1027_ESL,6,gs5,2
1027_ESL,6,gs5,3
1027_ESL,6,gs5,4
1027_ESL,6,gs5,5
1027_ESL,6,gs5,10
1027_ESL,6,gs5,11
1027_ESL,6,gs5,12
1027_ESL,6,gs5,13
1027_ESL,6,gs5,14
1027_ESL,6,gs5,19
1027_ESL,6,gs5,20
1027_ESL,6,gs5,21
1027_ESL,6,gs5,22
1027_ESL,6,gs5,23
1027_ESL,6,gs5,111
1027_ESL,6,gs5,112
1027_ESL,6,gs5,114
1027_ESL,6,gs5,115
1027_ESL,6,gs5,116
1027_ESL,6,gs5,117
1027_ESL,6,gs5,118
1027_ESL,6,gs5,119
1027_ESL,6,gs5,120
1027_ESL,6,gs5,121
1027_ESL,6,gs5,123
1027_ESL,6,gs5,124
1027_ESL,6,gs5,125
1027_ESL,6,gs5,127
1027_ESL,6,r10s1,0
1027_ESL,6,r10s1,1
1027_ESL,6,r10s1,14
1027_ESL,6,r10s1,35
1027_ESL,6,r10s1,116
1027_ESL,6,r10s1,118
1027_ESL,6,r10s1,123
1027_ESL,6,r10s3,0
1027_ESL,6,r10s3,1
1027_ESL,6,r10s3,2
1027_ESL,6,r10s3,4
1027_ESL,6,r10s3,12
1027_ESL,6,r10s3,13
1027_ESL,6,r10s3,14
1027_ESL,6,r10s3,27
1027_ESL,6,r10s3,29
1027_ESL,6,r10s3,38
1027_ESL,6,r10s3,111
1027_ESL,6,r10s3,112
1027_ESL,6,r10s3,116
1027_ESL,6,r10s3,117
1027_ESL,6,r10s3,118
1027_ESL,6,r10s3,119
1027_ESL,6,r10s3,123
1027_ESL,6,r10s3,125
1027_ESL,6,r10s3,127
1027_ESL,6,r10s5,0
1027_ESL,6,r10s5,1
1027_ESL,6,r10s5,2
1027_ESL,6,r10s5,5
1027_ESL,6,r10s5,8
1027_ESL,6,r10s5,9
1027_ESL,6,r10s5,10
1027_ESL,6,r10s5,11
1027_ESL,6,r10s5,12
1027_ESL,6,r10s5,13
1027_ESL,6,r10s5,14
1027_ESL,6,r10s5,26
1027_ESL,6,r10s5,31
1027_ESL,6,r10s5,39
1027_ESL,6,r10s5,47
1027_ESL,6,r10s5,99
1027_ESL,6,r10s5,111
1027_ESL,6,r10s5,112
1027_ESL,6,r10s5,114
1027_ESL,6,r10s5,115
1027_ESL,6,r10s5,116
1027_ESL,6,r10s5,117
1027_ESL,6,r10s5,118
1027_ESL,6,r10s5,119
1027_ESL,6,r10s5,120
1027_ESL,6,r10s5,121
1027_ESL,6,r10s5,123
1027_ESL,6,r10s5,124
1027_ESL,6,r10s5,125
1027_ESL,6,r10s5,127
1027_ESL,6,r25s1,0
1027_ESL,6,r25s1,1
1027_ESL,6,r25s1,14
1027_ESL,6,r25s1,20
1027_ESL,6,r25s1,116
1027_ESL,6,r25s1,118
1027_ESL,6,r25s1,123
1027_ESL,6,r25s3,0
1027_ESL,6,r25s3,1
1027_ESL,6,r25s3,2
1027_ESL,6,r25s3,4
1027_ESL,6,r25s3,12
1027_ESL,6,r25s3,13
1027_ESL,6,r25s3,14
1027_ESL,6,r25s3,24
1027_ESL,6,r25s3,26
1027_ESL,6,r25s3,27
1027_ESL,6,r25s3,111
1027_ESL,6,r25s3,112
1027_ESL,6,r25s3,116
1027_ESL,6,r25s3,117
1027_ESL,6,r25s3,118
1027_ESL,6,r25s3,119
1027_ESL,6,r25s3,123
1027_ESL,6,r25s3,125
1027_ESL,6,r25s3,127
1027_ESL,6,r25s5,0
1027_ESL,6,r25s5,1
1027_ESL,6,r25s5,2
1027_ESL,6,r25s5,4
1027_ESL,6,r25s5,5
1027_ESL,6,r25s5,7
1027_ESL,6,r25s5,10
1027_ESL,6,r25s5,11
1027_ESL,6,r25s5,12
1027_ESL,6,r25s5,13
1027_ESL,6,r25s5,14
1027_ESL,6,r25s5,21
1027_ESL,6,r25s5,22
1027_ESL,6,r25s5,29
1027_ESL,6,r25s5,30
1027_ESL,6,r25s5,36
1027_ESL,6,r25s5,111
1027_ESL,6,r25s5,112
1027_ESL,6,r25s5,114
1027_ESL,6,r25s5,115
1027_ESL,6,r25s5,116
1027_ESL,6,r25s5,117
1027_ESL,6,r25s5,118
1027_ESL,6,r25s5,119
1027_ESL,6,r25s5,120
1027_ESL,6,r25s5,121
1027_ESL,6,r25s5,123
1027_ESL,6,r25s5,124
1027_ESL,6,r25s5,125
1027_ESL,6,r25s5,127
1027_ESL,6,r50s1,0
1027_ESL,6,r50s1,1
1027_ESL,6,r50s1,14
1027_ESL,6,r50s1,21
1027_ESL,6,r50s1,116
1027_ESL,6,r50s1,118
1027_ESL,6,r50s1,123
1027_ESL,6,r50s3,0
1027_ESL,6,r50s3,1
1027_ESL,6,r50s3,2
1027_ESL,6,r50s3,6
1027_ESL,6,r50s3,12
1027_ESL,6,r50s3,13
1027_ESL,6,r50s3,14
1027_ESL,6,r50s3,22
1027_ESL,6,r50s3,23
1027_ESL,6,r50s3,24
1027_ESL,6,r50s3,111
1027_ESL,6,r50s3,112
1027_ESL,6,r50s3,116
1027_ESL,6,r50s3,117
1027_ESL,6,r50s3,118
1027_ESL,6,r50s3,119
1027_ESL,6,r50s3,123
1027_ESL,6,r50s3,125
1027_ESL,6,r50s3,127
1027_ESL,6,r50s5,0
1027_ESL,6,r50s5,1
1027_ESL,6,r50s5,2
1027_ESL,6,r50s5,3
1027_ESL,6,r50s5,8
1027_ESL,6,r50s5,9
1027_ESL,6,r50s5,10
1027_ESL,6,r50s5,11
1027_ESL,6,r50s5,12
1027_ESL,6,r50s5,13
1027_ESL,6,r50s5,14
1027_ESL,6,r50s5,20
1027_ESL,6,r50s5,21
1027_ESL,6,r50s5,22
1027_ESL,6,r50s5,23
1027_ESL,6,r50s5,25
1027_ESL,6,r50s5,111
1027_ESL,6,r50s5,112
1027_ESL,6,r50s5,114
1027_ESL,6,r50s5,115
1027_ESL,6,r50s5,116
1027_ESL,6,r50s5,117
1027_ESL,6,r50s5,118
1027_ESL,6,r50s5,119
1027_ESL,6,r50s5,120
1027_ESL,6,r50s5,121
1027_ESL,6,r50s5,123
1027_ESL,6,r50s5,124
1027_ESL,6,r50s5,125
1027_ESL,6,r50s5,127
1027_ESL,6,r100s1,0
1027_ESL,6,r100s1,1
1027_ESL,6,r100s1,14
1027_ESL,6,r100s1,19
1027_ESL,6,r100s1,116
1027_ESL,6,r100s1,118
1027_ESL,6,r100s1,123
1027_ESL,6,r100s3,0
1027_ESL,6,r100s3,1
1027_ESL,6,r100s3,2
1027_ESL,6,r100s3,7
1027_ESL,6,r100s3,12
1027_ESL,6,r100s3,13
1027_ESL,6,r100s3,14
1027_ESL,6,r100s3,19
1027_ESL,6,r100s3,20
1027_ESL,6,r100s3,21
1027_ESL,6,r100s3,111
1027_ESL,6,r100s3,112
1027_ESL,6,r100s3,116
1027_ESL,6,r100s3,117
1027_ESL,6,r100s3,118
1027_ESL,6,r100s3,119
1027_ESL,6,r100s3,123
1027_ESL,6,r100s3,125
1027_ESL,6,r100s3,127
1027_ESL,6,r100s5,0
1027_ESL,6,r100s5,1
1027_ESL,6,r100s5,2
1027_ESL,6,r100s5,5
1027_ESL,6,r100s5,7
1027_ESL,6,r100s5,9
1027_ESL,6,r100s5,10
1027_ESL,6,r100s5,11
1027_ESL,6,r100s5,12
1027_ESL,6,r100s5,13
1027_ESL,6,r100s5,14
1027_ESL,6,r100s5,19
1027_ESL,6,r100s5,20
1027_ESL,6,r100s5,21
1027_ESL,6,r100s5,22
1027_ESL,6,r100s5,23
1027_ESL,6,r100s5,111
1027_ESL,6,r100s5,112
1027_ESL,6,r100s5,114
1027_ESL,6,r100s5,115
1027_ESL,6,r100s5,116
1027_ESL,6,r100s5,117
1027_ESL,6,r100s5,118
1027_ESL,6,r100s5,119
1027_ESL,6,r100s5,120
1027_ESL,6,r100s5,121
1027_ESL,6,r100s5,123
1027_ESL,6,r100s5,124
1027_ESL,6,r100s5,125
1027_ESL,6,r100s5,127
1027_ESL,6,ga,0
1027_ESL,6,ga,1
1027_ESL,6,ga,2
1027_ESL,6,ga,3
1027_ESL,6,ga,4
1027_ESL,6,ga,9
1027_ESL,6,ga,17
1027_ESL,6,ga,18
1027_ESL,6,ga,19
1027_ESL,6,ga,20
1027_ESL,6,ga,21
1027_ESL,6,ga,23
1027_ESL,6,ga,24
1027_ESL,6,ga,25
1027_ESL,6,ga,26
1027_ESL,6,ga,27
1027_ESL,6,ga,28
1027_ESL,6,ga,30
1027_ESL,6,ga,33
1027_ESL,6,ga,35
1027_ESL,6,ga,38
1027_ESL,6,ga,39
1027_ESL,6,ga,42
1027_ESL,6,ga,44
1027_ESL,6,ga,45
1027_ESL,6,ga,48
1027_ESL,6,ga,49
1027_ESL,6,ga,50
1027_ESL,6,ga,54
1027_ESL,6,ga,56
1027_ESL,6,ga,57
1027_ESL,6,ga,59
1027_ESL,6,ga,60
1027_ESL,6,ga,61
1027_ESL,6,ga,62
1027_ESL,6,ga,66
1027_ESL,6,ga,67
1027_ESL,6,ga,70
1027_ESL,6,ga,71
1027_ESL,6,ga,73
1027_ESL,6,ga,74
1027_ESL,6,ga,76
1027_ESL,6,ga,79
1027_ESL,6,ga,81
1027_ESL,6,ga,82
1027_ESL,6,ga,84
1027_ESL,6,ga,86
1027_ESL,6,ga,87
1027_ESL,6,ga,88
1027_ESL,6,ga,89
1027_ESL,6,ga,91
1027_ESL,6,ga,93
1027_ESL,6,ga,96
1027_ESL,6,ga,98
1027_ESL,6,ga,99
1027_ESL,6,ga,105
1027_ESL,6,ga,107
1027_ESL,6,ga,108
1027_ESL,6,ga,113
1027_ESL,6,ga,115
1027_ESL,6,ga,117
1027_ESL,6,ga,120
1027_ESL,6,ga,121
1027_ESL,6,ga,122
1027_ESL,6,ga,123
1027_ESL,6,ga,124
1027_ESL,6,ga,125
1027_ESL,6,ga,127
1027_ESL,6,df,0
1027_ESL,6,df,3
1027_ESL,6,df,12
1027_ESL,6,df,45
1027_ESL,6,df,109
1027_ESL,6,df,117
1027_ESL,6,df,123
1027_ESL,6,dsc,14
1027_ESL,7,gs1,0
1027_ESL,7,gs1,1
1027_ESL,7,gs1,14
1027_ESL,7,gs1,19
1027_ESL,7,gs1,111
1027_ESL,7,gs1,117
1027_ESL,7,gs1,127
1027_ESL,7,gs3,0
1027_ESL,7,gs3,1
1027_ESL,7,gs3,2
1027_ESL,7,gs3,3
1027_ESL,7,gs3,12
1027_ESL,7,gs3,13
1027_ESL,7,gs3,14
1027_ESL,7,gs3,19
1027_ESL,7,gs3,20
1027_ESL,7,gs3,21
1027_ESL,7,gs3,111
1027_ESL,7,gs3,112
1027_ESL,7,gs3,116
1027_ESL,7,gs3,117
1027_ESL,7,gs3,118
1027_ESL,7,gs3,119
1027_ESL,7,gs3,123
1027_ESL,7,gs3,125
1027_ESL,7,gs3,127
1027_ESL,7,gs5,0
1027_ESL,7,gs5,1
1027_ESL,7,gs5,2
1027_ESL,7,gs5,3
1027_ESL,7,gs5,4
1027_ESL,7,gs5,5
1027_ESL,7,gs5,10
1027_ESL,7,gs5,11
1027_ESL,7,gs5,12
1027_ESL,7,gs5,13
1027_ESL,7,gs5,14
1027_ESL,7,gs5,19
1027_ESL,7,gs5,20
1027_ESL,7,gs5,21
1027_ESL,7,gs5,22
1027_ESL,7,gs5,23
1027_ESL,7,gs5,111
1027_ESL,7,gs5,112
1027_ESL,7,gs5,114
1027_ESL,7,gs5,115
1027_ESL,7,gs5,116
1027_ESL,7,gs5,117
1027_ESL,7,gs5,118
1027_ESL,7,gs5,119
1027_ESL,7,gs5,120
1027_ESL,7,gs5,121
1027_ESL,7,gs5,123
1027_ESL,7,gs5,125
1027_ESL,7,gs5,127
1027_ESL,7,gs5,128
1027_ESL,7,r10s1,0
1027_ESL,7,r10s1,1
1027_ESL,7,r10s1,14
1027_ESL,7,r10s1,25
1027_ESL,7,r10s1,111
1027_ESL,7,r10s1,117
1027_ESL,7,r10s1,127
1027_ESL,7,r10s3,0
1027_ESL,7,r10s3,1
1027_ESL,7,r10s3,2
1027_ESL,7,r10s3,6
1027_ESL,7,r10s3,12
1027_ESL,7,r10s3,13
1027_ESL,7,r10s3,14
1027_ESL,7,r10s3,25
1027_ESL,7,r10s3,39
1027_ESL,7,r10s3,40
1027_ESL,7,r10s3,111
1027_ESL,7,r10s3,112
1027_ESL,7,r10s3,116
1027_ESL,7,r10s3,117
1027_ESL,7,r10s3,118
1027_ESL,7,r10s3,119
1027_ESL,7,r10s3,123
1027_ESL,7,r10s3,125
1027_ESL,7,r10s3,127
1027_ESL,7,r10s5,0
1027_ESL,7,r10s5,1
1027_ESL,7,r10s5,2
1027_ESL,7,r10s5,4
1027_ESL,7,r10s5,7
1027_ESL,7,r10s5,9
1027_ESL,7,r10s5,10
1027_ESL,7,r10s5,11
1027_ESL,7,r10s5,12
1027_ESL,7,r10s5,13
1027_ESL,7,r10s5,14
1027_ESL,7,r10s5,44
1027_ESL,7,r10s5,47
1027_ESL,7,r10s5,48
1027_ESL,7,r10s5,87
1027_ESL,7,r10s5,101
1027_ESL,7,r10s5,111
1027_ESL,7,r10s5,112
1027_ESL,7,r10s5,114
1027_ESL,7,r10s5,115
1027_ESL,7,r10s5,116
1027_ESL,7,r10s5,117
1027_ESL,7,r10s5,118
1027_ESL,7,r10s5,119
1027_ESL,7,r10s5,120
1027_ESL,7,r10s5,121
1027_ESL,7,r10s5,123
1027_ESL,7,r10s5,125
1027_ESL,7,r10s5,127
1027_ESL,7,r10s5,128
1027_ESL,7,r25s1,0
1027_ESL,7,r25s1,1
1027_ESL,7,r25s1,14
1027_ESL,7,r25s1,22
1027_ESL,7,r25s1,111
1027_ESL,7,r25s1,117
1027_ESL,7,r25s1,127
1027_ESL,7,r25s3,0
1027_ESL,7,r25s3,1
1027_ESL,7,r25s3,2
1027_ESL,7,r25s3,6
1027_ESL,7,r25s3,12
1027_ESL,7,r25s3,13
1027_ESL,7,r25s3,14
1027_ESL,7,r25s3,22
1027_ESL,7,r25s3,24
1027_ESL,7,r25s3,26
1027_ESL,7,r25s3,111
1027_ESL,7,r25s3,112
1027_ESL,7,r25s3,116
1027_ESL,7,r25s3,117
1027_ESL,7,r25s3,118
1027_ESL,7,r25s3,119
1027_ESL,7,r25s3,123
1027_ESL,7,r25s3,125
1027_ESL,7,r25s3,127
1027_ESL,7,r25s5,0
1027_ESL,7,r25s5,1
1027_ESL,7,r25s5,2
1027_ESL,7,r25s5,4
1027_ESL,7,r25s5,5
1027_ESL,7,r25s5,8
1027_ESL,7,r25s5,10
1027_ESL,7,r25s5,11
1027_ESL,7,r25s5,12
1027_ESL,7,r25s5,13
1027_ESL,7,r25s5,14
1027_ESL,7,r25s5,19
1027_ESL,7,r25s5,20
1027_ESL,7,r25s5,21
1027_ESL,7,r25s5,23
1027_ESL,7,r25s5,30
1027_ESL,7,r25s5,111
1027_ESL,7,r25s5,112
1027_ESL,7,r25s5,114
1027_ESL,7,r25s5,115
1027_ESL,7,r25s5,116
1027_ESL,7,r25s5,117
1027_ESL,7,r25s5,118
1027_ESL,7,r25s5,119
1027_ESL,7,r25s5,120
1027_ESL,7,r25s5,121
1027_ESL,7,r25s5,123
1027_ESL,7,r25s5,125
1027_ESL,7,r25s5,127
1027_ESL,7,r25s5,128
1027_ESL,7,r50s1,0
1027_ESL,7,r50s1,1
1027_ESL,7,r50s1,14
1027_ESL,7,r50s1,19
1027_ESL,7,r50s1,111
1027_ESL,7,r50s1,117
1027_ESL,7,r50s1,127
1027_ESL,7,r50s3,0
1027_ESL,7,r50s3,1
1027_ESL,7,r50s3,2
1027_ESL,7,r50s3,5
1027_ESL,7,r50s3,12
1027_ESL,7,r50s3,13
1027_ESL,7,r50s3,14
1027_ESL,7,r50s3,20
1027_ESL,7,r50s3,23
1027_ESL,7,r50s3,25
1027_ESL,7,r50s3,111
1027_ESL,7,r50s3,112
1027_ESL,7,r50s3,116
1027_ESL,7,r50s3,117
1027_ESL,7,r50s3,118
1027_ESL,7,r50s3,119
1027_ESL,7,r50s3,123
1027_ESL,7,r50s3,125
1027_ESL,7,r50s3,127
1027_ESL,7,r50s5,0
1027_ESL,7,r50s5,1
1027_ESL,7,r50s5,2
1027_ESL,7,r50s5,6
1027_ESL,7,r50s5,8
1027_ESL,7,r50s5,9
1027_ESL,7,r50s5,10
1027_ESL,7,r50s5,11
1027_ESL,7,r50s5,12
1027_ESL,7,r50s5,13
1027_ESL,7,r50s5,14
1027_ESL,7,r50s5,19
1027_ESL,7,r50s5,20
1027_ESL,7,r50s5,21
1027_ESL,7,r50s5,23
1027_ESL,7,r50s5,25
1027_ESL,7,r50s5,111
1027_ESL,7,r50s5,112
1027_ESL,7,r50s5,114
1027_ESL,7,r50s5,115
1027_ESL,7,r50s5,116
1027_ESL,7,r50s5,117
1027_ESL,7,r50s5,118
1027_ESL,7,r50s5,119
1027_ESL,7,r50s5,120
1027_ESL,7,r50s5,121
1027_ESL,7,r50s5,123
1027_ESL,7,r50s5,125
1027_ESL,7,r50s5,127
1027_ESL,7,r50s5,128
1027_ESL,7,r100s1,0
1027_ESL,7,r100s1,1
1027_ESL,7,r100s1,14
1027_ESL,7,r100s1,19
1027_ESL,7,r100s1,111
1027_ESL,7,r100s1,117
1027_ESL,7,r100s1,127
1027_ESL,7,r100s3,0
1027_ESL,7,r100s3,1
1027_ESL,7,r100s3,2
1027_ESL,7,r100s3,5
1027_ESL,7,r100s3,12
1027_ESL,7,r100s3,13
1027_ESL,7,r100s3,14
1027_ESL,7,r100s3,19
1027_ESL,7,r100s3,20
1027_ESL,7,r100s3,21
1027_ESL,7,r100s3,111
1027_ESL,7,r100s3,112
1027_ESL,7,r100s3,116
1027_ESL,7,r100s3,117
1027_ESL,7,r100s3,118
1027_ESL,7,r100s3,119
1027_ESL,7,r100s3,123
1027_ESL,7,r100s3,125
1027_ESL,7,r100s3,127
1027_ESL,7,r100s5,0
1027_ESL,7,r100s5,1
1027_ESL,7,r100s5,2
1027_ESL,7,r100s5,7
1027_ESL,7,r100s5,8
1027_ESL,7,r100s5,9
1027_ESL,7,r100s5,10
1027_ESL,7,r100s5,11
1027_ESL,7,r100s5,12
1027_ESL,7,r100s5,13
1027_ESL,7,r100s5,14
1027_ESL,7,r100s5,19
1027_ESL,7,r100s5,20
1027_ESL,7,r100s5,21
1027_ESL,7,r100s5,22
1027_ESL,7,r100s5,23
1027_ESL,7,r100s5,111
1027_ESL,7,r100s5,112
1027_ESL,7,r100s5,114
1027_ESL,7,r100s5,115
1027_ESL,7,r100s5,116
1027_ESL,7,r100s5,117
1027_ESL,7,r100s5,118
1027_ESL,7,r100s5,119
1027_ESL,7,r100s5,120
1027_ESL,7,r100s5,121
1027_ESL,7,r100s5,123
1027_ESL,7,r100s5,125
1027_ESL,7,r100s5,127
1027_ESL,7,r100s5,128
1027_ESL,7,ga,1
1027_ESL,7,ga,2
1027_ESL,7,ga,5
1027_ESL,7,ga,11
1027_ESL,7,ga,22
1027_ESL,7,ga,23
1027_ESL,7,ga,24
1027_ESL,7,ga,25
1027_ESL,7,ga,27
1027_ESL,7,ga,28
1027_ESL,7,ga,29
1027_ESL,7,ga,31
1027_ESL,7,ga,32
1027_ESL,7,ga,37
1027_ESL,7,ga,38
1027_ESL,7,ga,39
1027_ESL,7,ga,42
1027_ESL,7,ga,43
1027_ESL,7,ga,48
1027_ESL,7,ga,49
1027_ESL,7,ga,51
1027_ESL,7,ga,54
1027_ESL,7,ga,55
1027_ESL,7,ga,56
1027_ESL,7,ga,57
1027_ESL,7,ga,58
1027_ESL,7,ga,61
1027_ESL,7,ga,63
1027_ESL,7,ga,65
1027_ESL,7,ga,66
1027_ESL,7,ga,67
1027_ESL,7,ga,69
1027_ESL,7,ga,70
1027_ESL,7,ga,72
1027_ESL,7,ga,74
1027_ESL,7,ga,75
1027_ESL,7,ga,77
1027_ESL,7,ga,80
1027_ESL,7,ga,82
1027_ESL,7,ga,83
1027_ESL,7,ga,84
1027_ESL,7,ga,85
1027_ESL,7,ga,88
1027_ESL,7,ga,91
1027_ESL,7,ga,92
1027_ESL,7,ga,95
1027_ESL,7,ga,97
1027_ESL,7,ga,99
1027_ESL,7,ga,101
1027_ESL,7,ga,103
1027_ESL,7,ga,106
1027_ESL,7,ga,112
1027_ESL,7,ga,113
1027_ESL,7,ga,115
1027_ESL,7,ga,116
1027_ESL,7,ga,117
1027_ESL,7,ga,118
1027_ESL,7,ga,119
1027_ESL,7,ga,120
1027_ESL,7,ga,121
1027_ESL,7,ga,127
1027_ESL,7,ga,128
1027_ESL,7,df,0
1027_ESL,7,df,3
1027_ESL,7,df,12
1027_ESL,7,df,45
1027_ESL,7,df,109
1027_ESL,7,df,117
1027_ESL,7,df,123
1027_ESL,7,dsc,14
1027_ESL,8,gs1,0
1027_ESL,8,gs1,1
1027_ESL,8,gs1,14
1027_ESL,8,gs1,19
1027_ESL,8,gs1,110
1027_ESL,8,gs1,118
1027_ESL,8,gs1,127
1027_ESL,8,gs3,0
1027_ESL,8,gs3,1
1027_ESL,8,gs3,2
1027_ESL,8,gs3,3
1027_ESL,8,gs3,12
1027_ESL,8,gs3,13
1027_ESL,8,gs3,14
1027_ESL,8,gs3,19
1027_ESL,8,gs3,20
1027_ESL,8,gs3,21
1027_ESL,8,gs3,110
1027_ESL,8,gs3,112
1027_ESL,8,gs3,114
1027_ESL,8,gs3,117
1027_ESL,8,gs3,118
1027_ESL,8,gs3,119
1027_ESL,8,gs3,123
1027_ESL,8,gs3,125
1027_ESL,8,gs3,127
1027_ESL,8,gs5,0
1027_ESL,8,gs5,1
1027_ESL,8,gs5,2
1027_ESL,8,gs5,3
1027_ESL,8,gs5,4
1027_ESL,8,gs5,5
1027_ESL,8,gs5,10
1027_ESL,8,gs5,11
1027_ESL,8,gs5,12
1027_ESL,8,gs5,13
1027_ESL,8,gs5,14
1027_ESL,8,gs5,19
1027_ESL,8,gs5,20
1027_ESL,8,gs5,21
1027_ESL,8,gs5,22
1027_ESL,8,gs5,23
1027_ESL,8,gs5,109
1027_ESL,8,gs5,110
1027_ESL,8,gs5,112
1027_ESL,8,gs5,114
1027_ESL,8,gs5,116
1027_ESL,8,gs5,117
1027_ESL,8,gs5,118
1027_ESL,8,gs5,119
1027_ESL,8,gs5,120
1027_ESL,8,gs5,121
1027_ESL,8,gs5,123
1027_ESL,8,gs5,125
1027_ESL,8,gs5,126
1027_ESL,8,gs5,127
1027_ESL,8,r10s1,0
1027_ESL,8,r10s1,1
1027_ESL,8,r10s1,14
1027_ESL,8,r10s1,22
1027_ESL,8,r10s1,110
1027_ESL,8,r10s1,118
1027_ESL,8,r10s1,127
1027_ESL,8,r10s3,0
1027_ESL,8,r10s3,1
1027_ESL,8,r10s3,2
1027_ESL,8,r10s3,8
1027_ESL,8,r10s3,12
1027_ESL,8,r10s3,13
1027_ESL,8,r10s3,14
1027_ESL,8,r10s3,19
1027_ESL,8,r10s3,23
1027_ESL,8,r10s3,25
1027_ESL,8,r10s3,110
1027_ESL,8,r10s3,112
1027_ESL,8,r10s3,114
1027_ESL,8,r10s3,117
1027_ESL,8,r10s3,118
1027_ESL,8,r10s3,119
1027_ESL,8,r10s3,123
1027_ESL,8,r10s3,125
1027_ESL,8,r10s3,127
1027_ESL,8,r10s5,0
1027_ESL,8,r10s5,1
1027_ESL,8,r10s5,2
1027_ESL,8,r10s5,5
1027_ESL,8,r10s5,8
1027_ESL,8,r10s5,9
1027_ESL,8,r10s5,10
1027_ESL,8,r10s5,11
1027_ESL,8,r10s5,12
1027_ESL,8,r10s5,13
1027_ESL,8,r10s5,14
1027_ESL,8,r10s5,20
1027_ESL,8,r10s5,21
1027_ESL,8,r10s5,39
1027_ESL,8,r10s5,42
1027_ESL,8,r10s5,86
1027_ESL,8,r10s5,109
1027_ESL,8,r10s5,110
1027_ESL,8,r10s5,112
1027_ESL,8,r10s5,114
1027_ESL,8,r10s5,116
1027_ESL,8,r10s5,117
1027_ESL,8,r10s5,118
1027_ESL,8,r10s5,119
1027_ESL,8,r10s5,120
1027_ESL,8,r10s5,121
1027_ESL,8,r10s5,123
1027_ESL,8,r10s5,125
1027_ESL,8,r10s5,126
1027_ESL,8,r10s5,127
1027_ESL,8,r25s1,0
1027_ESL,8,r25s1,1
1027_ESL,8,r25s1,14
1027_ESL,8,r25s1,20
1027_ESL,8,r25s1,110
1027_ESL,8,r25s1,118
1027_ESL,8,r25s1,127
1027_ESL,8,r25s3,0
1027_ESL,8,r25s3,1
1027_ESL,8,r25s3,2
1027_ESL,8,r25s3,7
1027_ESL,8,r25s3,12
1027_ESL,8,r25s3,13
1027_ESL,8,r25s3,14
1027_ESL,8,r25s3,19
1027_ESL,8,r25s3,21
1027_ESL,8,r25s3,25
1027_ESL,8,r25s3,110
1027_ESL,8,r25s3,112
1027_ESL,8,r25s3,114
1027_ESL,8,r25s3,117
1027_ESL,8,r25s3,118
1027_ESL,8,r25s3,119
1027_ESL,8,r25s3,123
1027_ESL,8,r25s3,125
1027_ESL,8,r25s3,127
1027_ESL,8,r25s5,0
1027_ESL,8,r25s5,1
1027_ESL,8,r25s5,2
1027_ESL,8,r25s5,4
1027_ESL,8,r25s5,5
1027_ESL,8,r25s5,7
1027_ESL,8,r25s5,10
1027_ESL,8,r25s5,11
1027_ESL,8,r25s5,12
1027_ESL,8,r25s5,13
1027_ESL,8,r25s5,14
1027_ESL,8,r25s5,19
1027_ESL,8,r25s5,21
1027_ESL,8,r25s5,23
1027_ESL,8,r25s5,35
1027_ESL,8,r25s5,43
1027_ESL,8,r25s5,109
1027_ESL,8,r25s5,110
1027_ESL,8,r25s5,112
1027_ESL,8,r25s5,114
1027_ESL,8,r25s5,116
1027_ESL,8,r25s5,117
1027_ESL,8,r25s5,118
1027_ESL,8,r25s5,119
1027_ESL,8,r25s5,120
1027_ESL,8,r25s5,121
1027_ESL,8,r25s5,123
1027_ESL,8,r25s5,125
1027_ESL,8,r25s5,126
1027_ESL,8,r25s5,127
1027_ESL,8,r50s1,0
1027_ESL,8,r50s1,1
1027_ESL,8,r50s1,14
1027_ESL,8,r50s1,21
1027_ESL,8,r50s1,110
1027_ESL,8,r50s1,118
1027_ESL,8,r50s1,127
1027_ESL,8,r50s3,0
1027_ESL,8,r50s3,1
1027_ESL,8,r50s3,2
1027_ESL,8,r50s3,3
1027_ESL,8,r50s3,12
1027_ESL,8,r50s3,13
1027_ESL,8,r50s3,14
1027_ESL,8,r50s3,19
1027_ESL,8,r50s3,20
1027_ESL,8,r50s3,23
1027_ESL,8,r50s3,110
1027_ESL,8,r50s3,112
1027_ESL,8,r50s3,114
1027_ESL,8,r50s3,117
1027_ESL,8,r50s3,118
1027_ESL,8,r50s3,119
1027_ESL,8,r50s3,123
1027_ESL,8,r50s3,125
1027_ESL,8,r50s3,127
1027_ESL,8,r50s5,0
1027_ESL,8,r50s5,1
1027_ESL,8,r50s5,2
1027_ESL,8,r50s5,5
1027_ESL,8,r50s5,8
1027_ESL,8,r50s5,9
1027_ESL,8,r50s5,10
1027_ESL,8,r50s5,11
1027_ESL,8,r50s5,12
1027_ESL,8,r50s5,13
1027_ESL,8,r50s5,14
1027_ESL,8,r50s5,19
1027_ESL,8,r50s5,25
1027_ESL,8,r50s5,27
1027_ESL,8,r50s5,28
1027_ESL,8,r50s5,30
1027_ESL,8,r50s5,109
1027_ESL,8,r50s5,110
1027_ESL,8,r50s5,112
1027_ESL,8,r50s5,114
1027_ESL,8,r50s5,116
1027_ESL,8,r50s5,117
1027_ESL,8,r50s5,118
1027_ESL,8,r50s5,119
1027_ESL,8,r50s5,120
1027_ESL,8,r50s5,121
1027_ESL,8,r50s5,123
1027_ESL,8,r50s5,125
1027_ESL,8,r50s5,126
1027_ESL,8,r50s5,127
1027_ESL,8,r100s1,0
1027_ESL,8,r100s1,1
1027_ESL,8,r100s1,14
1027_ESL,8,r100s1,19
1027_ESL,8,r100s1,110
1027_ESL,8,r100s1,118
1027_ESL,8,r100s1,127
1027_ESL,8,r100s3,0
1027_ESL,8,r100s3,1
1027_ESL,8,r100s3,2
1027_ESL,8,r100s3,5
1027_ESL,8,r100s3,12
1027_ESL,8,r100s3,13
1027_ESL,8,r100s3,14
1027_ESL,8,r100s3,19
1027_ESL,8,r100s3,20
1027_ESL,8,r100s3,21
1027_ESL,8,r100s3,110
1027_ESL,8,r100s3,112
1027_ESL,8,r100s3,114
1027_ESL,8,r100s3,117
1027_ESL,8,r100s3,118
1027_ESL,8,r100s3,119
1027_ESL,8,r100s3,123
1027_ESL,8,r100s3,125
1027_ESL,8,r100s3,127
1027_ESL,8,r100s5,0
1027_ESL,8,r100s5,1
1027_ESL,8,r100s5,2
1027_ESL,8,r100s5,3
1027_ESL,8,r100s5,4
1027_ESL,8,r100s5,6
1027_ESL,8,r100s5,10
1027_ESL,8,r100s5,11
1027_ESL,8,r100s5,12
1027_ESL,8,r100s5,13
1027_ESL,8,r100s5,14
1027_ESL,8,r100s5,19
1027_ESL,8,r100s5,20
1027_ESL,8,r100s5,21
1027_ESL,8,r100s5,22
1027_ESL,8,r100s5,23
1027_ESL,8,r100s5,109
1027_ESL,8,r100s5,110
1027_ESL,8,r100s5,112
1027_ESL,8,r100s5,114
1027_ESL,8,r100s5,116
1027_ESL,8,r100s5,117
1027_ESL,8,r100s5,118
1027_ESL,8,r100s5,119
1027_ESL,8,r100s5,120
1027_ESL,8,r100s5,121
1027_ESL,8,r100s5,123
1027_ESL,8,r100s5,125
1027_ESL,8,r100s5,126
1027_ESL,8,r100s5,127
1027_ESL,8,ga,0
1027_ESL,8,ga,1
1027_ESL,8,ga,5
1027_ESL,8,ga,6
1027_ESL,8,ga,8
1027_ESL,8,ga,14
1027_ESL,8,ga,16
1027_ESL,8,ga,17
1027_ESL,8,ga,18
1027_ESL,8,ga,19
1027_ESL,8,ga,21
1027_ESL,8,ga,23
1027_ESL,8,ga,24
1027_ESL,8,ga,25
1027_ESL,8,ga,26
1027_ESL,8,ga,29
1027_ESL,8,ga,32
1027_ESL,8,ga,34
1027_ESL,8,ga,43
1027_ESL,8,ga,45
1027_ESL,8,ga,47
1027_ESL,8,ga,48
1027_ESL,8,ga,52
1027_ESL,8,ga,53
1027_ESL,8,ga,54
1027_ESL,8,ga,57
1027_ESL,8,ga,58
1027_ESL,8,ga,60
1027_ESL,8,ga,64
1027_ESL,8,ga,65
1027_ESL,8,ga,66
1027_ESL,8,ga,72
1027_ESL,8,ga,74
1027_ESL,8,ga,76
1027_ESL,8,ga,77
1027_ESL,8,ga,79
1027_ESL,8,ga,81
1027_ESL,8,ga,82
1027_ESL,8,ga,85
1027_ESL,8,ga,89
1027_ESL,8,ga,90
1027_ESL,8,ga,92
1027_ESL,8,ga,94
1027_ESL,8,ga,97
1027_ESL,8,ga,99
1027_ESL,8,ga,103
1027_ESL,8,ga,105
1027_ESL,8,ga,106
1027_ESL,8,ga,108
1027_ESL,8,ga,110
1027_ESL,8,ga,111
1027_ESL,8,ga,112
1027_ESL,8,ga,113
1027_ESL,8,ga,115
1027_ESL,8,ga,116
1027_ESL,8,ga,117
1027_ESL,8,ga,118
1027_ESL,8,ga,120
1027_ESL,8,ga,122
1027_ESL,8,ga,124
1027_ESL,8,ga,125
1027_ESL,8,ga,126
1027_ESL,8,ga,127
1027_ESL,8,ga,128
1027_ESL,8,df,0
1027_ESL,8,df,3
1027_ESL,8,df,12
1027_ESL,8,df,45
1027_ESL,8,df,109
1027_ESL,8,df,117
1027_ESL,8,df,123
1027_ESL,8,dsc,14
1027_ESL,9,gs1,0
1027_ESL,9,gs1,1
1027_ESL,9,gs1,13
1027_ESL,9,gs1,19
1027_ESL,9,gs1,116
1027_ESL,9,gs1,117
1027_ESL,9,gs1,127
1027_ESL,9,gs3,0
1027_ESL,9,gs3,1
1027_ESL,9,gs3,2
1027_ESL,9,gs3,3
1027_ESL,9,gs3,12
1027_ESL,9,gs3,13
1027_ESL,9,gs3,14
1027_ESL,9,gs3,19
1027_ESL,9,gs3,20
1027_ESL,9,gs3,21
1027_ESL,9,gs3,112
1027_ESL,9,gs3,115
1027_ESL,9,gs3,116
1027_ESL,9,gs3,117
1027_ESL,9,gs3,118
1027_ESL,9,gs3,119
1027_ESL,9,gs3,123
1027_ESL,9,gs3,125
1027_ESL,9,gs3,127
1027_ESL,9,gs5,0
1027_ESL,9,gs5,1
1027_ESL,9,gs5,2
1027_ESL,9,gs5,3
1027_ESL,9,gs5,4
1027_ESL,9,gs5,5
1027_ESL,9,gs5,10
1027_ESL,9,gs5,11
1027_ESL,9,gs5,12
1027_ESL,9,gs5,13
1027_ESL,9,gs5,14
1027_ESL,9,gs5,19
1027_ESL,9,gs5,20
1027_ESL,9,gs5,21
1027_ESL,9,gs5,22
1027_ESL,9,gs5,23
1027_ESL,9,gs5,110
1027_ESL,9,gs5,111
1027_ESL,9,gs5,112
1027_ESL,9,gs5,115
1027_ESL,9,gs5,116
1027_ESL,9,gs5,117
1027_ESL,9,gs5,118
1027_ESL,9,gs5,119
1027_ESL,9,gs5,120
1027_ESL,9,gs5,121
1027_ESL,9,gs5,123
1027_ESL,9,gs5,124
1027_ESL,9,gs5,125
1027_ESL,9,gs5,127
1027_ESL,9,r10s1,0
1027_ESL,9,r10s1,1
1027_ESL,9,r10s1,13
1027_ESL,9,r10s1,20
1027_ESL,9,r10s1,116
1027_ESL,9,r10s1,117
1027_ESL,9,r10s1,127
1027_ESL,9,r10s3,0
1027_ESL,9,r10s3,1
1027_ESL,9,r10s3,2
1027_ESL,9,r10s3,5
1027_ESL,9,r10s3,12
1027_ESL,9,r10s3,13
1027_ESL,9,r10s3,14
1027_ESL,9,r10s3,25
1027_ESL,9,r10s3,29
1027_ESL,9,r10s3,35
1027_ESL,9,r10s3,112
1027_ESL,9,r10s3,115
1027_ESL,9,r10s3,116
1027_ESL,9,r10s3,117
1027_ESL,9,r10s3,118
1027_ESL,9,r10s3,119
1027_ESL,9,r10s3,123
1027_ESL,9,r10s3,125
1027_ESL,9,r10s3,127
1027_ESL,9,r10s5,0
1027_ESL,9,r10s5,1
1027_ESL,9,r10s5,2
1027_ESL,9,r10s5,5
1027_ESL,9,r10s5,6
1027_ESL,9,r10s5,8
1027_ESL,9,r10s5,10
1027_ESL,9,r10s5,11
1027_ESL,9,r10s5,12
1027_ESL,9,r10s5,13
1027_ESL,9,r10s5,14
1027_ESL,9,r10s5,37
1027_ESL,9,r10s5,59
1027_ESL,9,r10s5,64
1027_ESL,9,r10s5,86
1027_ESL,9,r10s5,103
1027_ESL,9,r10s5,110
1027_ESL,9,r10s5,111
1027_ESL,9,r10s5,112
1027_ESL,9,r10s5,115
1027_ESL,9,r10s5,116
1027_ESL,9,r10s5,117
1027_ESL,9,r10s5,118
1027_ESL,9,r10s5,119
1027_ESL,9,r10s5,120
1027_ESL,9,r10s5,121
1027_ESL,9,r10s5,123
1027_ESL,9,r10s5,124
1027_ESL,9,r10s5,125
1027_ESL,9,r10s5,127
1027_ESL,9,r25s1,0
1027_ESL,9,r25s1,1
1027_ESL,9,r25s1,13
1027_ESL,9,r25s1,21
1027_ESL,9,r25s1,116
1027_ESL,9,r25s1,117
1027_ESL,9,r25s1,127
1027_ESL,9,r25s3,0
1027_ESL,9,r25s3,1
1027_ESL,9,r25s3,2
1027_ESL,9,r25s3,3
1027_ESL,9,r25s3,12
1027_ESL,9,r25s3,13
1027_ESL,9,r25s3,14
1027_ESL,9,r25s3,19
1027_ESL,9,r25s3,23
1027_ESL,9,r25s3,26
1027_ESL,9,r25s3,112
1027_ESL,9,r25s3,115
1027_ESL,9,r25s3,116
1027_ESL,9,r25s3,117
1027_ESL,9,r25s3,118
1027_ESL,9,r25s3,119
1027_ESL,9,r25s3,123
1027_ESL,9,r25s3,125
1027_ESL,9,r25s3,127
1027_ESL,9,r25s5,0
1027_ESL,9,r25s5,1
1027_ESL,9,r25s5,2
1027_ESL,9,r25s5,4
1027_ESL,9,r25s5,5
1027_ESL,9,r25s5,7
1027_ESL,9,r25s5,10
1027_ESL,9,r25s5,11
1027_ESL,9,r25s5,12
1027_ESL,9,r25s5,13
1027_ESL,9,r25s5,14
1027_ESL,9,r25s5,21
1027_ESL,9,r25s5,27
1027_ESL,9,r25s5,35
1027_ESL,9,r25s5,38
1027_ESL,9,r25s5,42
1027_ESL,9,r25s5,110
1027_ESL,9,r25s5,111
1027_ESL,9,r25s5,112
1027_ESL,9,r25s5,115
1027_ESL,9,r25s5,116
1027_ESL,9,r25s5,117
1027_ESL,9,r25s5,118
1027_ESL,9,r25s5,119
1027_ESL,9,r25s5,120
1027_ESL,9,r25s5,121
1027_ESL,9,r25s5,123
1027_ESL,9,r25s5,124
1027_ESL,9,r25s5,125
1027_ESL,9,r25s5,127
1027_ESL,9,r50s1,0
1027_ESL,9,r50s1,1
1027_ESL,9,r50s1,13
1027_ESL,9,r50s1,19
1027_ESL,9,r50s1,116
1027_ESL,9,r50s1,117
1027_ESL,9,r50s1,127
1027_ESL,9,r50s3,0
1027_ESL,9,r50s3,1
1027_ESL,9,r50s3,2
1027_ESL,9,r50s3,8
1027_ESL,9,r50s3,12
1027_ESL,9,r50s3,13
1027_ESL,9,r50s3,14
1027_ESL,9,r50s3,20
1027_ESL,9,r50s3,23
1027_ESL,9,r50s3,24
1027_ESL,9,r50s3,112
1027_ESL,9,r50s3,115
1027_ESL,9,r50s3,116
1027_ESL,9,r50s3,117
1027_ESL,9,r50s3,118
1027_ESL,9,r50s3,119
1027_ESL,9,r50s3,123
1027_ESL,9,r50s3,125
1027_ESL,9,r50s3,127
1027_ESL,9,r50s5,0
1027_ESL,9,r50s5,1
1027_ESL,9,r50s5,2
1027_ESL,9,r50s5,5
1027_ESL,9,r50s5,6
1027_ESL,9,r50s5,7
1027_ESL,9,r50s5,10
1027_ESL,9,r50s5,11
1027_ESL,9,r50s5,12
1027_ESL,9,r50s5,13
1027_ESL,9,r50s5,14
1027_ESL,9,r50s5,19
1027_ESL,9,r50s5,20
1027_ESL,9,r50s5,21
1027_ESL,9,r50s5,23
1027_ESL,9,r50s5,24
1027_ESL,9,r50s5,110
1027_ESL,9,r50s5,111
1027_ESL,9,r50s5,112
1027_ESL,9,r50s5,115
1027_ESL,9,r50s5,116
1027_ESL,9,r50s5,117
1027_ESL,9,r50s5,118
1027_ESL,9,r50s5,119
1027_ESL,9,r50s5,120
1027_ESL,9,r50s5,121
1027_ESL,9,r50s5,123
1027_ESL,9,r50s5,124
1027_ESL,9,r50s5,125
1027_ESL,9,r50s5,127
1027_ESL,9,r100s1,0
1027_ESL,9,r100s1,1
1027_ESL,9,r100s1,13
1027_ESL,9,r100s1,19
1027_ESL,9,r100s1,116
1027_ESL,9,r100s1,117
1027_ESL,9,r100s1,127
1027_ESL,9,r100s3,0
1027_ESL,9,r100s3,1
1027_ESL,9,r100s3,2
1027_ESL,9,r100s3,6
1027_ESL,9,r100s3,12
1027_ESL,9,r100s3,13
1027_ESL,9,r100s3,14
1027_ESL,9,r100s3,19
1027_ESL,9,r100s3,20
1027_ESL,9,r100s3,21
1027_ESL,9,r100s3,112
1027_ESL,9,r100s3,115
1027_ESL,9,r100s3,116
1027_ESL,9,r100s3,117
1027_ESL,9,r100s3,118
1027_ESL,9,r100s3,119
1027_ESL,9,r100s3,123
1027_ESL,9,r100s3,125
1027_ESL,9,r100s3,127
1027_ESL,9,r100s5,0
1027_ESL,9,r100s5,1
1027_ESL,9,r100s5,2
1027_ESL,9,r100s5,5
1027_ESL,9,r100s5,6
1027_ESL,9,r100s5,9
1027_ESL,9,r100s5,10
1027_ESL,9,r100s5,11
1027_ESL,9,r100s5,12
1027_ESL,9,r100s5,13
1027_ESL,9,r100s5,14
1027_ESL,9,r100s5,19
1027_ESL,9,r100s5,20
1027_ESL,9,r100s5,21
1027_ESL,9,r100s5,22
1027_ESL,9,r100s5,23
1027_ESL,9,r100s5,110
1027_ESL,9,r100s5,111
1027_ESL,9,r100s5,112
1027_ESL,9,r100s5,115
1027_ESL,9,r100s5,116
1027_ESL,9,r100s5,117
1027_ESL,9,r100s5,118
1027_ESL,9,r100s5,119
1027_ESL,9,r100s5,120
1027_ESL,9,r100s5,121
1027_ESL,9,r100s5,123
1027_ESL,9,r100s5,124
1027_ESL,9,r100s5,125
1027_ESL,9,r100s5,127
1027_ESL,9,ga,0
1027_ESL,9,ga,2
1027_ESL,9,ga,3
1027_ESL,9,ga,5
1027_ESL,9,ga,6
1027_ESL,9,ga,8
1027_ESL,9,ga,9
1027_ESL,9,ga,11
1027_ESL,9,ga,21
1027_ESL,9,ga,22
1027_ESL,9,ga,23
1027_ESL,9,ga,24
1027_ESL,9,ga,26
1027_ESL,9,ga,27
1027_ESL,9,ga,29
1027_ESL,9,ga,31
1027_ESL,9,ga,36
1027_ESL,9,ga,37
1027_ESL,9,ga,40
1027_ESL,9,ga,41
1027_ESL,9,ga,44
1027_ESL,9,ga,45
1027_ESL,9,ga,47
1027_ESL,9,ga,48
1027_ESL,9,ga,50
1027_ESL,9,ga,51
1027_ESL,9,ga,53
1027_ESL,9,ga,55
1027_ESL,9,ga,56
1027_ESL,9,ga,57
1027_ESL,9,ga,58
1027_ESL,9,ga,59
1027_ESL,9,ga,63
1027_ESL,9,ga,68
1027_ESL,9,ga,69
1027_ESL,9,ga,71
1027_ESL,9,ga,73
1027_ESL,9,ga,76
1027_ESL,9,ga,77
1027_ESL,9,ga,78
1027_ESL,9,ga,79
1027_ESL,9,ga,82
1027_ESL,9,ga,83
1027_ESL,9,ga,84
1027_ESL,9,ga,90
1027_ESL,9,ga,93
1027_ESL,9,ga,95
1027_ESL,9,ga,96
1027_ESL,9,ga,97
1027_ESL,9,ga,98
1027_ESL,9,ga,99
1027_ESL,9,ga,101
1027_ESL,9,ga,102
1027_ESL,9,ga,104
1027_ESL,9,ga,106
1027_ESL,9,ga,109
1027_ESL,9,ga,110
1027_ESL,9,ga,113
1027_ESL,9,ga,114
1027_ESL,9,ga,116
1027_ESL,9,ga,119
1027_ESL,9,ga,120
1027_ESL,9,ga,121
1027_ESL,9,ga,122
1027_ESL,9,ga,124
1027_ESL,9,ga,125
1027_ESL,9,ga,127
1027_ESL,9,ga,128
1027_ESL,9,df,0
1027_ESL,9,df,3
1027_ESL,9,df,12
1027_ESL,9,df,45
1027_ESL,9,df,109
1027_ESL,9,df,117
1027_ESL,9,df,123
1027_ESL,9,dsc,13
1027_ESL,10,gs1,0
1027_ESL,10,gs1,1
1027_ESL,10,gs1,14
1027_ESL,10,gs1,19
1027_ESL,10,gs1,112
1027_ESL,10,gs1,117
1027_ESL,10,gs1,127
1027_ESL,10,gs3,0
1027_ESL,10,gs3,1
1027_ESL,10,gs3,2
1027_ESL,10,gs3,3
1027_ESL,10,gs3,12
1027_ESL,10,gs3,13
1027_ESL,10,gs3,14
1027_ESL,10,gs3,19
1027_ESL,10,gs3,20
1027_ESL,10,gs3,21
1027_ESL,10,gs3,112
1027_ESL,10,gs3,115
1027_ESL,10,gs3,116
1027_ESL,10,gs3,117
1027_ESL,10,gs3,118
1027_ESL,10,gs3,119
1027_ESL,10,gs3,123
1027_ESL,10,gs3,125
1027_ESL,10,gs3,127
1027_ESL,10,gs5,0
1027_ESL,10,gs5,1
1027_ESL,10,gs5,2
1027_ESL,10,gs5,3
1027_ESL,10,gs5,4
1027_ESL,10,gs5,5
1027_ESL,10,gs5,10
1027_ESL,10,gs5,11
1027_ESL,10,gs5,12
1027_ESL,10,gs5,13
1027_ESL,10,gs5,14
1027_ESL,10,gs5,19
1027_ESL,10,gs5,20
1027_ESL,10,gs5,21
1027_ESL,10,gs5,22
1027_ESL,10,gs5,23
1027_ESL,10,gs5,111
1027_ESL,10,gs5,112
1027_ESL,10,gs5,113
1027_ESL,10,gs5,115
1027_ESL,10,gs5,116
1027_ESL,10,gs5,117
1027_ESL,10,gs5,118
1027_ESL,10,gs5,119
1027_ESL,10,gs5,120
1027_ESL,10,gs5,121
1027_ESL,10,gs5,123
1027_ESL,10,gs5,125
1027_ESL,10,gs5,127
1027_ESL,10,gs5,128
1027_ESL,10,r10s1,0
1027_ESL,10,r10s1,1
1027_ESL,10,r10s1,14
1027_ESL,10,r10s1,34
1027_ESL,10,r10s1,112
1027_ESL,10,r10s1,117
1027_ESL,10,r10s1,127
1027_ESL,10,r10s3,0
1027_ESL,10,r10s3,1
1027_ESL,10,r10s3,2
1027_ESL,10,r10s3,9
1027_ESL,10,r10s3,12
1027_ESL,10,r10s3,13
1027_ESL,10,r10s3,14
1027_ESL,10,r10s3,32
1027_ESL,10,r10s3,41
1027_ESL,10,r10s3,49
1027_ESL,10,r10s3,112
1027_ESL,10,r10s3,115
1027_ESL,10,r10s3,116
1027_ESL,10,r10s3,117
1027_ESL,10,r10s3,118
1027_ESL,10,r10s3,119
1027_ESL,10,r10s3,123
1027_ESL,10,r10s3,125
1027_ESL,10,r10s3,127
1027_ESL,10,r10s5,0
1027_ESL,10,r10s5,1
1027_ESL,10,r10s5,2
1027_ESL,10,r10s5,3
1027_ESL,10,r10s5,4
1027_ESL,10,r10s5,9
1027_ESL,10,r10s5,10
1027_ESL,10,r10s5,11
1027_ESL,10,r10s5,12
1027_ESL,10,r10s5,13
1027_ESL,10,r10s5,14
1027_ESL,10,r10s5,21
1027_ESL,10,r10s5,26
1027_ESL,10,r10s5,64
1027_ESL,10,r10s5,95
1027_ESL,10,r10s5,100
1027_ESL,10,r10s5,111
1027_ESL,10,r10s5,112
1027_ESL,10,r10s5,113
1027_ESL,10,r10s5,115
1027_ESL,10,r10s5,116
1027_ESL,10,r10s5,117
1027_ESL,10,r10s5,118
1027_ESL,10,r10s5,119
1027_ESL,10,r10s5,120
1027_ESL,10,r10s5,121
1027_ESL,10,r10s5,123
1027_ESL,10,r10s5,125
1027_ESL,10,r10s5,127
1027_ESL,10,r10s5,128
1027_ESL,10,r25s1,0
1027_ESL,10,r25s1,1
1027_ESL,10,r25s1,14
1027_ESL,10,r25s1,19
1027_ESL,10,r25s1,112
1027_ESL,10,r25s1,117
1027_ESL,10,r25s1,127
1027_ESL,10,r25s3,0
1027_ESL,10,r25s3,1
1027_ESL,10,r25s3,2
1027_ESL,10,r25s3,7
1027_ESL,10,r25s3,12
1027_ESL,10,r25s3,13
1027_ESL,10,r25s3,14
1027_ESL,10,r25s3,19
1027_ESL,10,r25s3,20
1027_ESL,10,r25s3,23
1027_ESL,10,r25s3,112
1027_ESL,10,r25s3,115
1027_ESL,10,r25s3,116
1027_ESL,10,r25s3,117
1027_ESL,10,r25s3,118
1027_ESL,10,r25s3,119
1027_ESL,10,r25s3,123
1027_ESL,10,r25s3,125
1027_ESL,10,r25s3,127
1027_ESL,10,r25s5,0
1027_ESL,10,r25s5,1
1027_ESL,10,r25s5,2
1027_ESL,10,r25s5,4
1027_ESL,10,r25s5,8
1027_ESL,10,r25s5,9
1027_ESL,10,r25s5,10
1027_ESL,10,r25s5,11
1027_ESL,10,r25s5,12
1027_ESL,10,r25s5,13
1027_ESL,10,r25s5,14
1027_ESL,10,r25s5,19
1027_ESL,10,r25s5,27
1027_ESL,10,r25s5,29
1027_ESL,10,r25s5,30
1027_ESL,10,r25s5,36
1027_ESL,10,r25s5,111
1027_ESL,10,r25s5,112
1027_ESL,10,r25s5,113
1027_ESL,10,r25s5,115
1027_ESL,10,r25s5,116
1027_ESL,10,r25s5,117
1027_ESL,10,r25s5,118
1027_ESL,10,r25s5,119
1027_ESL,10,r25s5,120
1027_ESL,10,r25s5,121
1027_ESL,10,r25s5,123
1027_ESL,10,r25s5,125
1027_ESL,10,r25s5,127
1027_ESL,10,r25s5,128
1027_ESL,10,r50s1,0
1027_ESL,10,r50s1,1
1027_ESL,10,r50s1,14
1027_ESL,10,r50s1,21
1027_ESL,10,r50s1,112
1027_ESL,10,r50s1,117
1027_ESL,10,r50s1,127
1027_ESL,10,r50s3,0
1027_ESL,10,r50s3,1
1027_ESL,10,r50s3,2
1027_ESL,10,r50s3,5
1027_ESL,10,r50s3,12
1027_ESL,10,r50s3,13
1027_ESL,10,r50s3,14
1027_ESL,10,r50s3,19
1027_ESL,10,r50s3,20
1027_ESL,10,r50s3,21
1027_ESL,10,r50s3,112
1027_ESL,10,r50s3,115
1027_ESL,10,r50s3,116
1027_ESL,10,r50s3,117
1027_ESL,10,r50s3,118
1027_ESL,10,r50s3,119
1027_ESL,10,r50s3,123
1027_ESL,10,r50s3,125
1027_ESL,10,r50s3,127
1027_ESL,10,r50s5,0
1027_ESL,10,r50s5,1
1027_ESL,10,r50s5,2
1027_ESL,10,r50s5,4
1027_ESL,10,r50s5,5
1027_ESL,10,r50s5,8
1027_ESL,10,r50s5,10
1027_ESL,10,r50s5,11
1027_ESL,10,r50s5,12
1027_ESL,10,r50s5,13
1027_ESL,10,r50s5,14
1027_ESL,10,r50s5,22
1027_ESL,10,r50s5,24
1027_ESL,10,r50s5,25
1027_ESL,10,r50s5,26
1027_ESL,10,r50s5,27
1027_ESL,10,r50s5,111
1027_ESL,10,r50s5,112
1027_ESL,10,r50s5,113
1027_ESL,10,r50s5,115
1027_ESL,10,r50s5,116
1027_ESL,10,r50s5,117
1027_ESL,10,r50s5,118
1027_ESL,10,r50s5,119
1027_ESL,10,r50s5,120
1027_ESL,10,r50s5,121
1027_ESL,10,r50s5,123
1027_ESL,10,r50s5,125
1027_ESL,10,r50s5,127
1027_ESL,10,r50s5,128
1027_ESL,10,r100s1,0
1027_ESL,10,r100s1,1
1027_ESL,10,r100s1,14
1027_ESL,10,r100s1,19
1027_ESL,10,r100s1,112
1027_ESL,10,r100s1,117
1027_ESL,10,r100s1,127
1027_ESL,10,r100s3,0
1027_ESL,10,r100s3,1
1027_ESL,10,r100s3,2
1027_ESL,10,r100s3,7
1027_ESL,10,r100s3,12
1027_ESL,10,r100s3,13
1027_ESL,10,r100s3,14
1027_ESL,10,r100s3,19
1027_ESL,10,r100s3,20
1027_ESL,10,r100s3,21
1027_ESL,10,r100s3,112
1027_ESL,10,r100s3,115
1027_ESL,10,r100s3,116
1027_ESL,10,r100s3,117
1027_ESL,10,r100s3,118
1027_ESL,10,r100s3,119
1027_ESL,10,r100s3,123
1027_ESL,10,r100s3,125
1027_ESL,10,r100s3,127
1027_ESL,10,r100s5,0
1027_ESL,10,r100s5,1
1027_ESL,10,r100s5,2
1027_ESL,10,r100s5,5
1027_ESL,10,r100s5,6
1027_ESL,10,r100s5,9
1027_ESL,10,r100s5,10
1027_ESL,10,r100s5,11
1027_ESL,10,r100s5,12
1027_ESL,10,r100s5,13
1027_ESL,10,r100s5,14
1027_ESL,10,r100s5,19
1027_ESL,10,r100s5,20
1027_ESL,10,r100s5,21
1027_ESL,10,r100s5,22
1027_ESL,10,r100s5,23
1027_ESL,10,r100s5,111
1027_ESL,10,r100s5,112
1027_ESL,10,r100s5,113
1027_ESL,10,r100s5,115
1027_ESL,10,r100s5,116
1027_ESL,10,r100s5,117
1027_ESL,10,r100s5,118
1027_ESL,10,r100s5,119
1027_ESL,10,r100s5,120
1027_ESL,10,r100s5,121
1027_ESL,10,r100s5,123
1027_ESL,10,r100s5,125
1027_ESL,10,r100s5,127
1027_ESL,10,r100s5,128
1027_ESL,10,ga,0
1027_ESL,10,ga,1
1027_ESL,10,ga,2
1027_ESL,10,ga,3
1027_ESL,10,ga,18
1027_ESL,10,ga,19
1027_ESL,10,ga,20
1027_ESL,10,ga,21
1027_ESL,10,ga,22
1027_ESL,10,ga,24
1027_ESL,10,ga,27
1027_ESL,10,ga,29
1027_ESL,10,ga,30
1027_ESL,10,ga,31
1027_ESL,10,ga,33
1027_ESL,10,ga,34
1027_ESL,10,ga,35
1027_ESL,10,ga,36
1027_ESL,10,ga,39
1027_ESL,10,ga,40
1027_ESL,10,ga,42
1027_ESL,10,ga,43
1027_ESL,10,ga,47
1027_ESL,10,ga,48
1027_ESL,10,ga,49
1027_ESL,10,ga,57
1027_ESL,10,ga,58
1027_ESL,10,ga,64
1027_ESL,10,ga,65
1027_ESL,10,ga,67
1027_ESL,10,ga,68
1027_ESL,10,ga,70
1027_ESL,10,ga,72
1027_ESL,10,ga,73
1027_ESL,10,ga,74
1027_ESL,10,ga,76
1027_ESL,10,ga,78
1027_ESL,10,ga,80
1027_ESL,10,ga,83
1027_ESL,10,ga,84
1027_ESL,10,ga,94
1027_ESL,10,ga,96
1027_ESL,10,ga,98
1027_ESL,10,ga,101
1027_ESL,10,ga,102
1027_ESL,10,ga,103
1027_ESL,10,ga,105
1027_ESL,10,ga,107
1027_ESL,10,ga,108
1027_ESL,10,ga,111
1027_ESL,10,ga,115
1027_ESL,10,ga,118
1027_ESL,10,ga,120
1027_ESL,10,ga,121
1027_ESL,10,ga,127
1027_ESL,10,ga,128
1027_ESL,10,df,0
1027_ESL,10,df,3
1027_ESL,10,df,12
1027_ESL,10,df,45
1027_ESL,10,df,109
1027_ESL,10,df,117
1027_ESL,10,df,123
1027_ESL,10,dsc,14
