dataset,fold,strategy,index,sl_weight
1027_ESL,1,full,13,0.04665342463232542
1027_ESL,1,full,14,0.4294891019199234
1027_ESL,1,full,121,0.16305573789834904
1027_ESL,1,full,123,0.0692052172856097
1027_ESL,1,full,127,0.29159651826379235
1027_ESL,1,gs1,0,0.36595967240749416
1027_ESL,1,gs1,14,0.16597789582940284
1027_ESL,1,gs1,112,0.05301575637385702
1027_ESL,1,gs1,117,0.008944491385601178
1027_ESL,1,gs1,125,0.40610218400364495
1027_ESL,1,gs3,14,0.4911963060745924
1027_ESL,1,gs3,123,0.22559197713141496
1027_ESL,1,gs3,127,0.28321171679399265
1027_ESL,1,gs5,13,0.04665342463231214
1027_ESL,1,gs5,14,0.42948910191993683
1027_ESL,1,gs5,121,0.16305573789834893
1027_ESL,1,gs5,123,0.0692052172856097
1027_ESL,1,gs5,127,0.29159651826379235
1027_ESL,1,r10s1,0,0.36595967240749416
1027_ESL,1,r10s1,14,0.16597789582940284
1027_ESL,1,r10s1,112,0.05301575637385702
1027_ESL,1,r10s1,117,0.008944491385601178
1027_ESL,1,r10s1,125,0.40610218400364495
1027_ESL,1,r10s3,14,0.4911963060745924
1027_ESL,1,r10s3,123,0.22559197713141496
1027_ESL,1,r10s3,127,0.28321171679399265
1027_ESL,1,r10s5,13,0.046653424632332394
1027_ESL,1,r10s5,14,0.42948910191991646
1027_ESL,1,r10s5,121,0.16305573789834904
1027_ESL,1,r10s5,123,0.06920521728560973
1027_ESL,1,r10s5,127,0.29159651826379246
1027_ESL,1,r25s1,0,0.36595967240749416
1027_ESL,1,r25s1,14,0.16597789582940284
1027_ESL,1,r25s1,112,0.05301575637385702
1027_ESL,1,r25s1,117,0.008944491385601178
1027_ESL,1,r25s1,125,0.40610218400364495
1027_ESL,1,r25s3,14,0.4911963060745924
1027_ESL,1,r25s3,123,0.22559197713141496
1027_ESL,1,r25s3,127,0.28321171679399265
1027_ESL,1,r25s5,13,0.046653424632332394
1027_ESL,1,r25s5,14,0.42948910191991646
1027_ESL,1,r25s5,121,0.16305573789834904
1027_ESL,1,r25s5,123,0.06920521728560973
1027_ESL,1,r25s5,127,0.29159651826379246
1027_ESL,1,r50s1,0,0.36595967240749416
1027_ESL,1,r50s1,14,0.16597789582940284
1027_ESL,1,r50s1,112,0.05301575637385702
1027_ESL,1,r50s1,117,0.008944491385601178
1027_ESL,1,r50s1,125,0.40610218400364495
1027_ESL,1,r50s3,14,0.4911963060745924
1027_ESL,1,r50s3,123,0.22559197713141496
1027_ESL,1,r50s3,127,0.28321171679399265
1027_ESL,1,r50s5,13,0.04665342463231214
1027_ESL,1,r50s5,14,0.42948910191993683
1027_ESL,1,r50s5,121,0.16305573789834893
1027_ESL,1,r50s5,123,0.0692052172856097
1027_ESL,1,r50s5,127,0.29159651826379235
1027_ESL,1,r100s1,0,0.36595967240749416
1027_ESL,1,r100s1,14,0.16597789582940284
1027_ESL,1,r100s1,112,0.05301575637385702
1027_ESL,1,r100s1,117,0.008944491385601178
1027_ESL,1,r100s1,125,0.40610218400364495
1027_ESL,1,r100s3,14,0.4911963060745924
1027_ESL,1,r100s3,123,0.22559197713141496
1027_ESL,1,r100s3,127,0.28321171679399265
1027_ESL,1,r100s5,13,0.04665342463231214
1027_ESL,1,r100s5,14,0.42948910191993683
1027_ESL,1,r100s5,121,0.16305573789834893
1027_ESL,1,r100s5,123,0.0692052172856097
1027_ESL,1,r100s5,127,0.29159651826379235
1027_ESL,1,df,12,0.5629886580143662
1027_ESL,1,df,109,0.03180887177783429
1027_ESL,1,df,117,0.028858963544526463
1027_ESL,1,df,123,0.3763435066632732
1027_ESL,1,ga,12,0.47238745613097366
1027_ESL,1,ga,121,0.163830628833021
1027_ESL,1,ga,123,0.06964932382946863
1027_ESL,1,ga,127,0.29413259120653673
1027_ESL,2,full,14,0.4548979536951885
1027_ESL,2,full,109,0.039833190813495505
1027_ESL,2,full,121,0.20304560286852222
1027_ESL,2,full,122,0.15633371428572213
1027_ESL,2,full,127,0.14588953833707152
1027_ESL,2,gs1,14,0.507961427611647
1027_ESL,2,gs1,112,0.11938486119955358
1027_ESL,2,gs1,121,0.3726537111887994
1027_ESL,2,gs3,14,0.4922345276798825
1027_ESL,2,gs3,111,0.1306630158253482
1027_ESL,2,gs3,121,0.3455531024772599
1027_ESL,2,gs3,125,0.03154935401750935
1027_ESL,2,gs5,14,0.45574496851433466
1027_ESL,2,gs5,110,0.02754958938063091
1027_ESL,2,gs5,121,0.2039373868383158
1027_ESL,2,gs5,122,0.16341173283529123
1027_ESL,2,gs5,127,0.14935632243142738
1027_ESL,2,r10s1,14,0.507961427611647
1027_ESL,2,r10s1,112,0.11938486119955358
1027_ESL,2,r10s1,121,0.3726537111887994
1027_ESL,2,r10s3,14,0.4922345276798825
1027_ESL,2,r10s3,111,0.1306630158253482
1027_ESL,2,r10s3,121,0.3455531024772599
1027_ESL,2,r10s3,125,0.03154935401750935
1027_ESL,2,r10s5,14,0.45574496851433466
1027_ESL,2,r10s5,110,0.02754958938063091
1027_ESL,2,r10s5,121,0.2039373868383158
1027_ESL,2,r10s5,122,0.16341173283529123
1027_ESL,2,r10s5,127,0.14935632243142738
1027_ESL,2,r25s1,14,0.507961427611647
1027_ESL,2,r25s1,112,0.11938486119955358
1027_ESL,2,r25s1,121,0.3726537111887994
1027_ESL,2,r25s3,14,0.4922345276798825
1027_ESL,2,r25s3,111,0.1306630158253482
1027_ESL,2,r25s3,121,0.3455531024772599
1027_ESL,2,r25s3,125,0.03154935401750935
1027_ESL,2,r25s5,14,0.45574496851433466
1027_ESL,2,r25s5,110,0.02754958938063091
1027_ESL,2,r25s5,121,0.2039373868383158
1027_ESL,2,r25s5,122,0.16341173283529123
1027_ESL,2,r25s5,127,0.14935632243142738
1027_ESL,2,r50s1,14,0.507961427611647
1027_ESL,2,r50s1,112,0.11938486119955358
1027_ESL,2,r50s1,121,0.3726537111887994
1027_ESL,2,r50s3,14,0.4922345276798825
1027_ESL,2,r50s3,111,0.1306630158253482
1027_ESL,2,r50s3,121,0.3455531024772599
1027_ESL,2,r50s3,125,0.03154935401750935
1027_ESL,2,r50s5,14,0.45574496851433466
1027_ESL,2,r50s5,110,0.02754958938063091
1027_ESL,2,r50s5,121,0.2039373868383158
1027_ESL,2,r50s5,122,0.16341173283529123
1027_ESL,2,r50s5,127,0.14935632243142738
1027_ESL,2,r100s1,14,0.507961427611647
1027_ESL,2,r100s1,112,0.11938486119955358
1027_ESL,2,r100s1,121,0.3726537111887994
1027_ESL,2,r100s3,14,0.4922345276798825
1027_ESL,2,r100s3,111,0.1306630158253482
1027_ESL,2,r100s3,121,0.3455531024772599
1027_ESL,2,r100s3,125,0.03154935401750935
1027_ESL,2,r100s5,14,0.45574496851433466
1027_ESL,2,r100s5,110,0.02754958938063091
1027_ESL,2,r100s5,121,0.2039373868383158
1027_ESL,2,r100s5,122,0.16341173283529123
1027_ESL,2,r100s5,127,0.14935632243142738
1027_ESL,2,df,12,0.5120671335803326
1027_ESL,2,df,109,0.2926874076770251
1027_ESL,2,df,123,0.1952454587426423
1027_ESL,2,ga,12,0.4505372927124052
1027_ESL,2,ga,109,0.041250042418133695
1027_ESL,2,ga,121,0.20368764714335683
1027_ESL,2,ga,122,0.15592045158296716
1027_ESL,2,ga,127,0.1486045661431371
1027_ESL,3,full,0,0.4068687069032451
1027_ESL,3,full,113,0.0688519897454085
1027_ESL,3,full,117,0.14912754960233096
1027_ESL,3,full,123,0.07380483355930045
1027_ESL,3,full,125,0.07573722816882499
1027_ESL,3,full,127,0.22560969202088998
1027_ESL,3,gs1,0,0.4479623852624547
1027_ESL,3,gs1,116,0.09748058697583802
1027_ESL,3,gs1,118,0.15459016845142112
1027_ESL,3,gs1,125,0.29996685931028616
1027_ESL,3,gs3,0,0.4040470787973302
1027_ESL,3,gs3,111,0.02747700777149326
1027_ESL,3,gs3,116,0.032084957278793354
1027_ESL,3,gs3,117,0.16046698356670594
1027_ESL,3,gs3,123,0.07625458304488053
1027_ESL,3,gs3,125,0.07838179488454526
1027_ESL,3,gs3,127,0.22128759465625147
1027_ESL,3,gs5,0,0.4069070837266792
1027_ESL,3,gs5,114,0.06636017393830305
1027_ESL,3,gs5,117,0.15094105417337
1027_ESL,3,gs5,123,0.07432214824488599
1027_ESL,3,gs5,125,0.07698884722301753
1027_ESL,3,gs5,127,0.2244806926937441
1027_ESL,3,r10s1,0,0.4479623852624547
1027_ESL,3,r10s1,116,0.09748058697583802
1027_ESL,3,r10s1,118,0.15459016845142112
1027_ESL,3,r10s1,125,0.29996685931028616
1027_ESL,3,r10s3,0,0.4040470787973302
1027_ESL,3,r10s3,111,0.02747700777149326
1027_ESL,3,r10s3,116,0.032084957278793354
1027_ESL,3,r10s3,117,0.16046698356670594
1027_ESL,3,r10s3,123,0.07625458304488053
1027_ESL,3,r10s3,125,0.07838179488454526
1027_ESL,3,r10s3,127,0.22128759465625147
1027_ESL,3,r10s5,0,0.4069070837266792
1027_ESL,3,r10s5,114,0.06636017393830305
1027_ESL,3,r10s5,117,0.15094105417337
1027_ESL,3,r10s5,123,0.07432214824488599
1027_ESL,3,r10s5,125,0.07698884722301753
1027_ESL,3,r10s5,127,0.2244806926937441
1027_ESL,3,r25s1,0,0.4479623852624547
1027_ESL,3,r25s1,116,0.09748058697583802
1027_ESL,3,r25s1,118,0.15459016845142112
1027_ESL,3,r25s1,125,0.29996685931028616
1027_ESL,3,r25s3,0,0.4040470787973302
1027_ESL,3,r25s3,111,0.02747700777149326
1027_ESL,3,r25s3,116,0.032084957278793354
1027_ESL,3,r25s3,117,0.16046698356670594
1027_ESL,3,r25s3,123,0.07625458304488053
1027_ESL,3,r25s3,125,0.07838179488454526
1027_ESL,3,r25s3,127,0.22128759465625147
1027_ESL,3,r25s5,0,0.4069070837266792
1027_ESL,3,r25s5,114,0.06636017393830305
1027_ESL,3,r25s5,117,0.15094105417337
1027_ESL,3,r25s5,123,0.07432214824488599
1027_ESL,3,r25s5,125,0.07698884722301753
1027_ESL,3,r25s5,127,0.2244806926937441
1027_ESL,3,r50s1,0,0.4479623852624547
1027_ESL,3,r50s1,116,0.09748058697583802
1027_ESL,3,r50s1,118,0.15459016845142112
1027_ESL,3,r50s1,125,0.29996685931028616
1027_ESL,3,r50s3,0,0.4040470787973302
1027_ESL,3,r50s3,111,0.02747700777149326
1027_ESL,3,r50s3,116,0.032084957278793354
1027_ESL,3,r50s3,117,0.16046698356670594
1027_ESL,3,r50s3,123,0.07625458304488053
1027_ESL,3,r50s3,125,0.07838179488454526
1027_ESL,3,r50s3,127,0.22128759465625147
1027_ESL,3,r50s5,0,0.4069070837266792
1027_ESL,3,r50s5,114,0.06636017393830305
1027_ESL,3,r50s5,117,0.15094105417337
1027_ESL,3,r50s5,123,0.07432214824488599
1027_ESL,3,r50s5,125,0.07698884722301753
1027_ESL,3,r50s5,127,0.2244806926937441
1027_ESL,3,r100s1,0,0.4479623852624547
1027_ESL,3,r100s1,116,0.09748058697583802
1027_ESL,3,r100s1,118,0.15459016845142112
1027_ESL,3,r100s1,125,0.29996685931028616
1027_ESL,3,r100s3,0,0.4040470787973302
1027_ESL,3,r100s3,111,0.02747700777149326
1027_ESL,3,r100s3,116,0.032084957278793354
1027_ESL,3,r100s3,117,0.16046698356670594
1027_ESL,3,r100s3,123,0.07625458304488053
1027_ESL,3,r100s3,125,0.07838179488454526
1027_ESL,3,r100s3,127,0.22128759465625147
1027_ESL,3,r100s5,0,0.4069070837266792
1027_ESL,3,r100s5,114,0.06636017393830305
1027_ESL,3,r100s5,117,0.15094105417337
1027_ESL,3,r100s5,123,0.07432214824488599
1027_ESL,3,r100s5,125,0.07698884722301753
1027_ESL,3,r100s5,127,0.2244806926937441
1027_ESL,3,df,0,0.4572656363722309
1027_ESL,3,df,109,0.00441765127029829
1027_ESL,3,df,117,0.2659994651797783
1027_ESL,3,df,123,0.27231724717769257
1027_ESL,3,ga,0,0.4068687069032451
1027_ESL,3,ga,113,0.0688519897454085
1027_ESL,3,ga,117,0.14912754960233096
1027_ESL,3,ga,123,0.07380483355930045
1027_ESL,3,ga,125,0.07573722816882499
1027_ESL,3,ga,127,0.22560969202088998
1027_ESL,4,full,0,0.5378758080007914
1027_ESL,4,full,121,0.21484080599188538
1027_ESL,4,full,127,0.24728338600732316
1027_ESL,4,gs1,0,0.6002647179253245
1027_ESL,4,gs1,111,0.09510465707407785
1027_ESL,4,gs1,125,0.30463062500059773
1027_ESL,4,gs3,0,0.5436480948716971
1027_ESL,4,gs3,111,0.04014571571910848
1027_ESL,4,gs3,123,0.1537335631090674
1027_ESL,4,gs3,127,0.262472626300127
1027_ESL,4,gs5,0,0.5378758080007914
1027_ESL,4,gs5,121,0.21484080599188538
1027_ESL,4,gs5,127,0.24728338600732316
1027_ESL,4,r10s1,0,0.6002647179253245
1027_ESL,4,r10s1,111,0.09510465707407785
1027_ESL,4,r10s1,125,0.30463062500059773
1027_ESL,4,r10s3,0,0.5436480948716971
1027_ESL,4,r10s3,111,0.04014571571910848
1027_ESL,4,r10s3,123,0.1537335631090674
1027_ESL,4,r10s3,127,0.262472626300127
1027_ESL,4,r10s5,0,0.5378758080007914
1027_ESL,4,r10s5,121,0.21484080599188538
1027_ESL,4,r10s5,127,0.24728338600732316
1027_ESL,4,r25s1,0,0.6002647179253245
1027_ESL,4,r25s1,111,0.09510465707407785
1027_ESL,4,r25s1,125,0.30463062500059773
1027_ESL,4,r25s3,0,0.5436480948716971
1027_ESL,4,r25s3,111,0.04014571571910848
1027_ESL,4,r25s3,123,0.1537335631090674
1027_ESL,4,r25s3,127,0.262472626300127
1027_ESL,4,r25s5,0,0.5378758080007914
1027_ESL,4,r25s5,121,0.21484080599188538
1027_ESL,4,r25s5,127,0.24728338600732316
1027_ESL,4,r50s1,0,0.6002647179253245
1027_ESL,4,r50s1,111,0.09510465707407785
1027_ESL,4,r50s1,125,0.30463062500059773
1027_ESL,4,r50s3,0,0.5436480948716971
1027_ESL,4,r50s3,111,0.04014571571910848
1027_ESL,4,r50s3,123,0.1537335631090674
1027_ESL,4,r50s3,127,0.262472626300127
1027_ESL,4,r50s5,0,0.5378758080007914
1027_ESL,4,r50s5,121,0.21484080599188538
1027_ESL,4,r50s5,127,0.24728338600732316
1027_ESL,4,r100s1,0,0.6002647179253245
1027_ESL,4,r100s1,111,0.09510465707407785
1027_ESL,4,r100s1,125,0.30463062500059773
1027_ESL,4,r100s3,0,0.5436480948716971
1027_ESL,4,r100s3,111,0.04014571571910848
1027_ESL,4,r100s3,123,0.1537335631090674
1027_ESL,4,r100s3,127,0.262472626300127
1027_ESL,4,r100s5,0,0.5378758080007914
1027_ESL,4,r100s5,121,0.21484080599188538
1027_ESL,4,r100s5,127,0.24728338600732316
1027_ESL,4,df,0,0.6377863544480938
1027_ESL,4,df,109,0.04893337438860826
1027_ESL,4,df,123,0.31328027116329793
1027_ESL,4,ga,0,0.5378758080007914
1027_ESL,4,ga,121,0.21484080599188538
1027_ESL,4,ga,127,0.24728338600732316
1027_ESL,5,full,0,0.4161701285589515
1027_ESL,5,full,114,0.12245515315688828
1027_ESL,5,full,121,0.21380312486400782
1027_ESL,5,full,127,0.24757159342015236
1027_ESL,5,gs1,0,0.43229146840361043
1027_ESL,5,gs1,112,0.24134733018640492
1027_ESL,5,gs1,127,0.3263612014099845
1027_ESL,5,gs3,0,0.4310276850308417
1027_ESL,5,gs3,112,0.23572991950547406
1027_ESL,5,gs3,123,0.01488307816240848
1027_ESL,5,gs3,127,0.3183593173012757
1027_ESL,5,gs5,0,0.41617012855895175
1027_ESL,5,gs5,114,0.12245515315688794
1027_ESL,5,gs5,121,0.21380312486400788
1027_ESL,5,gs5,127,0.24757159342015247
1027_ESL,5,r10s1,0,0.43229146840361043
1027_ESL,5,r10s1,112,0.24134733018640492
1027_ESL,5,r10s1,127,0.3263612014099845
1027_ESL,5,r10s3,0,0.4310276850308417
1027_ESL,5,r10s3,112,0.23572991950547406
1027_ESL,5,r10s3,123,0.01488307816240848
1027_ESL,5,r10s3,127,0.3183593173012757
1027_ESL,5,r10s5,0,0.41617012855895175
1027_ESL,5,r10s5,114,0.12245515315688794
1027_ESL,5,r10s5,121,0.21380312486400788
1027_ESL,5,r10s5,127,0.24757159342015247
1027_ESL,5,r25s1,0,0.43229146840361043
1027_ESL,5,r25s1,112,0.24134733018640492
1027_ESL,5,r25s1,127,0.3263612014099845
1027_ESL,5,r25s3,0,0.4310276850308417
1027_ESL,5,r25s3,112,0.23572991950547406
1027_ESL,5,r25s3,123,0.01488307816240848
1027_ESL,5,r25s3,127,0.3183593173012757
1027_ESL,5,r25s5,0,0.41617012855895175
1027_ESL,5,r25s5,114,0.12245515315688794
1027_ESL,5,r25s5,121,0.21380312486400788
1027_ESL,5,r25s5,127,0.24757159342015247
1027_ESL,5,r50s1,0,0.43229146840361043
1027_ESL,5,r50s1,112,0.24134733018640492
1027_ESL,5,r50s1,127,0.3263612014099845
1027_ESL,5,r50s3,0,0.4310276850308417
1027_ESL,5,r50s3,112,0.23572991950547406
1027_ESL,5,r50s3,123,0.01488307816240848
1027_ESL,5,r50s3,127,0.3183593173012757
1027_ESL,5,r50s5,0,0.41617012855895175
1027_ESL,5,r50s5,114,0.12245515315688794
1027_ESL,5,r50s5,121,0.21380312486400788
1027_ESL,5,r50s5,127,0.24757159342015247
1027_ESL,5,r100s1,0,0.43229146840361043
1027_ESL,5,r100s1,112,0.24134733018640492
1027_ESL,5,r100s1,127,0.3263612014099845
1027_ESL,5,r100s3,0,0.4310276850308417
1027_ESL,5,r100s3,112,0.23572991950547406
1027_ESL,5,r100s3,123,0.01488307816240848
1027_ESL,5,r100s3,127,0.3183593173012757
1027_ESL,5,r100s5,0,0.41617012855895175
1027_ESL,5,r100s5,114,0.12245515315688794
1027_ESL,5,r100s5,121,0.21380312486400788
1027_ESL,5,r100s5,127,0.24757159342015247
1027_ESL,5,df,12,0.5321290497907329
1027_ESL,5,df,109,0.24826478702770977
1027_ESL,5,df,123,0.21960616318155737
1027_ESL,5,ga,0,0.41617012855895175
1027_ESL,5,ga,114,0.12245515315688794
1027_ESL,5,ga,121,0.21380312486400788
1027_ESL,5,ga,127,0.24757159342015247
1027_ESL,6,full,12,0.35505646265594704
1027_ESL,6,full,13,0.12967451145216516
1027_ESL,6,full,121,0.15166242411981926
1027_ESL,6,full,122,0.05203562800918913
1027_ESL,6,full,123,0.12254585041371482
1027_ESL,6,full,127,0.18902512334916446
1027_ESL,6,gs1,0,0.5228979553709256
1027_ESL,6,gs1,14,0.028298160247657734
1027_ESL,6,gs1,116,0.0658983561738729
1027_ESL,6,gs1,123,0.38290552820754375
1027_ESL,6,gs3,0,0.4964949860217113
1027_ESL,6,gs3,116,0.03410347222134359
1027_ESL,6,gs3,123,0.28612314773315267
1027_ESL,6,gs3,127,0.18327839402379242
1027_ESL,6,gs5,12,0.2608756091285592
1027_ESL,6,gs5,13,0.2247631706758505
1027_ESL,6,gs5,121,0.19820064076731309
1027_ESL,6,gs5,123,0.1123150748899834
1027_ESL,6,gs5,124,0.011039940275146713
1027_ESL,6,gs5,127,0.19280556426314702
1027_ESL,6,r10s1,0,0.5228979553709256
1027_ESL,6,r10s1,14,0.028298160247657734
1027_ESL,6,r10s1,116,0.0658983561738729
1027_ESL,6,r10s1,123,0.38290552820754375
1027_ESL,6,r10s3,0,0.4964949860217113
1027_ESL,6,r10s3,116,0.03410347222134359
1027_ESL,6,r10s3,123,0.28612314773315267
1027_ESL,6,r10s3,127,0.18327839402379242
1027_ESL,6,r10s5,12,0.2608756091285592
1027_ESL,6,r10s5,13,0.2247631706758505
1027_ESL,6,r10s5,121,0.19820064076731309
1027_ESL,6,r10s5,123,0.1123150748899834
1027_ESL,6,r10s5,124,0.011039940275146713
1027_ESL,6,r10s5,127,0.19280556426314702
1027_ESL,6,r25s1,0,0.5228979553709256
1027_ESL,6,r25s1,14,0.028298160247657734
1027_ESL,6,r25s1,116,0.0658983561738729
1027_ESL,6,r25s1,123,0.38290552820754375
1027_ESL,6,r25s3,0,0.4964949860217113
1027_ESL,6,r25s3,116,0.03410347222134359
1027_ESL,6,r25s3,123,0.28612314773315267
1027_ESL,6,r25s3,127,0.18327839402379242
1027_ESL,6,r25s5,12,0.2608756091285592
1027_ESL,6,r25s5,13,0.2247631706758505
1027_ESL,6,r25s5,121,0.19820064076731309
1027_ESL,6,r25s5,123,0.1123150748899834
1027_ESL,6,r25s5,124,0.011039940275146713
1027_ESL,6,r25s5,127,0.19280556426314702
1027_ESL,6,r50s1,0,0.5228979553709256
1027_ESL,6,r50s1,14,0.028298160247657734
1027_ESL,6,r50s1,116,0.0658983561738729
1027_ESL,6,r50s1,123,0.38290552820754375
1027_ESL,6,r50s3,0,0.4964949860217113
1027_ESL,6,r50s3,116,0.03410347222134359
1027_ESL,6,r50s3,123,0.28612314773315267
1027_ESL,6,r50s3,127,0.18327839402379242
1027_ESL,6,r50s5,12,0.2608756091285592
1027_ESL,6,r50s5,13,0.2247631706758505
1027_ESL,6,r50s5,121,0.19820064076731309
1027_ESL,6,r50s5,123,0.1123150748899834
1027_ESL,6,r50s5,124,0.011039940275146713
1027_ESL,6,r50s5,127,0.19280556426314702
1027_ESL,6,r100s1,0,0.5228979553709256
1027_ESL,6,r100s1,14,0.028298160247657734
1027_ESL,6,r100s1,116,0.0658983561738729
1027_ESL,6,r100s1,123,0.38290552820754375
1027_ESL,6,r100s3,0,0.4964949860217113
1027_ESL,6,r100s3,116,0.03410347222134359
1027_ESL,6,r100s3,123,0.28612314773315267
1027_ESL,6,r100s3,127,0.18327839402379242
1027_ESL,6,r100s5,12,0.2608756091285592
1027_ESL,6,r100s5,13,0.2247631706758505
1027_ESL,6,r100s5,121,0.19820064076731309
1027_ESL,6,r100s5,123,0.1123150748899834
1027_ESL,6,r100s5,124,0.011039940275146713
1027_ESL,6,r100s5,127,0.19280556426314702
1027_ESL,6,df,12,0.5538528837169643
1027_ESL,6,df,109,0.030047215628300785
1027_ESL,6,df,117,0.0123951557669785
1027_ESL,6,df,123,0.40370474488775643
1027_ESL,6,ga,0,0.4835984304773224
1027_ESL,6,ga,121,0.15159011270373607
1027_ESL,6,ga,122,0.05218696612537946
1027_ESL,6,ga,123,0.12316740783745013
1027_ESL,6,ga,127,0.18945708285611199
1027_ESL,7,full,6,0.1792328566425776
1027_ESL,7,full,14,0.31190515510455114
1027_ESL,7,full,15,0.12148967126119432
1027_ESL,7,full,110,0.08160944034237438
1027_ESL,7,full,121,0.10984304997781325
1027_ESL,7,full,122,0.009925965938229026
1027_ESL,7,full,127,0.18599386073326032
1027_ESL,7,gs1,14,0.5294765105316648
1027_ESL,7,gs1,111,0.20071065799283974
1027_ESL,7,gs1,127,0.26981283147549545
1027_ESL,7,gs3,3,0.19849837027828587
1027_ESL,7,gs3,14,0.42488818123245975
1027_ESL,7,gs3,111,0.16111644271858805
1027_ESL,7,gs3,127,0.21549700577066624
1027_ESL,7,gs5,5,0.1671162832681029
1027_ESL,7,gs5,14,0.43428172236935625
1027_ESL,7,gs5,114,0.08707081744552
1027_ESL,7,gs5,121,0.11924681551258408
1027_ESL,7,gs5,127,0.19228436140443667
1027_ESL,7,r10s1,14,0.5294765105316648
1027_ESL,7,r10s1,111,0.20071065799283974
1027_ESL,7,r10s1,127,0.26981283147549545
1027_ESL,7,r10s3,6,0.19849837027828587
1027_ESL,7,r10s3,14,0.42488818123245975
1027_ESL,7,r10s3,111,0.16111644271858805
1027_ESL,7,r10s3,127,0.21549700577066624
1027_ESL,7,r10s5,7,0.16711628326810354
1027_ESL,7,r10s5,14,0.4342817223693562
1027_ESL,7,r10s5,114,0.08707081744551994
1027_ESL,7,r10s5,121,0.119246815512584
1027_ESL,7,r10s5,127,0.19228436140443647
1027_ESL,7,r25s1,14,0.5294765105316648
1027_ESL,7,r25s1,111,0.20071065799283974
1027_ESL,7,r25s1,127,0.26981283147549545
1027_ESL,7,r25s3,6,0.19849837027828587
1027_ESL,7,r25s3,14,0.42488818123245975
1027_ESL,7,r25s3,111,0.16111644271858805
1027_ESL,7,r25s3,127,0.21549700577066624
1027_ESL,7,r25s5,8,0.1671162832681029
1027_ESL,7,r25s5,14,0.43428172236935625
1027_ESL,7,r25s5,114,0.08707081744552
1027_ESL,7,r25s5,121,0.11924681551258408
1027_ESL,7,r25s5,127,0.19228436140443667
1027_ESL,7,r50s1,14,0.5294765105316648
1027_ESL,7,r50s1,111,0.20071065799283974
1027_ESL,7,r50s1,127,0.26981283147549545
1027_ESL,7,r50s3,5,0.19849837027828587
1027_ESL,7,r50s3,14,0.42488818123245975
1027_ESL,7,r50s3,111,0.16111644271858805
1027_ESL,7,r50s3,127,0.21549700577066624
1027_ESL,7,r50s5,9,0.1671162832681029
1027_ESL,7,r50s5,14,0.43428172236935625
1027_ESL,7,r50s5,114,0.08707081744552
1027_ESL,7,r50s5,121,0.11924681551258408
1027_ESL,7,r50s5,127,0.19228436140443667
1027_ESL,7,r100s1,14,0.5294765105316648
1027_ESL,7,r100s1,111,0.20071065799283974
1027_ESL,7,r100s1,127,0.26981283147549545
1027_ESL,7,r100s3,5,0.19849837027828587
1027_ESL,7,r100s3,14,0.42488818123245975
1027_ESL,7,r100s3,111,0.16111644271858805
1027_ESL,7,r100s3,127,0.21549700577066624
1027_ESL,7,r100s5,9,0.1671162832681029
1027_ESL,7,r100s5,14,0.43428172236935625
1027_ESL,7,r100s5,114,0.08707081744552
1027_ESL,7,r100s5,121,0.11924681551258408
1027_ESL,7,r100s5,127,0.19228436140443667
1027_ESL,7,df,3,0.198884385675336
1027_ESL,7,df,12,0.5102190829173099
1027_ESL,7,df,109,0.1535964279471742
1027_ESL,7,df,123,0.13730010346017996
1027_ESL,7,ga,5,0.14519952915734438
1027_ESL,7,ga,13,0.45751017469215954
1027_ESL,7,ga,121,0.17712805301159718
1027_ESL,7,ga,124,0.001817902463847063
1027_ESL,7,ga,127,0.21834434067505182
1027_ESL,8,full,0,0.5232663134004351
1027_ESL,8,full,109,0.07645610036077354
1027_ESL,8,full,121,0.04591285636975835
1027_ESL,8,full,123,0.06245285261891842
1027_ESL,8,full,127,0.2919118772501146
1027_ESL,8,gs1,0,0.5337263651464129
1027_ESL,8,gs1,112,0.09531951494144836
1027_ESL,8,gs1,127,0.3709541199121387
1027_ESL,8,gs3,0,0.5257181278275209
1027_ESL,8,gs3,111,0.046461537662914235
1027_ESL,8,gs3,123,0.1277310199321999
1027_ESL,8,gs3,127,0.300089314577365
1027_ESL,8,gs5,0,0.5232663134004351
1027_ESL,8,gs5,109,0.07645610036077354
1027_ESL,8,gs5,121,0.04591285636975835
1027_ESL,8,gs5,123,0.06245285261891842
1027_ESL,8,gs5,127,0.2919118772501146
1027_ESL,8,r10s1,0,0.5337263651464129
1027_ESL,8,r10s1,112,0.09531951494144836
1027_ESL,8,r10s1,127,0.3709541199121387
1027_ESL,8,r10s3,0,0.5257181278275209
1027_ESL,8,r10s3,111,0.046461537662914235
1027_ESL,8,r10s3,123,0.1277310199321999
1027_ESL,8,r10s3,127,0.300089314577365
1027_ESL,8,r10s5,0,0.5232663134004351
1027_ESL,8,r10s5,109,0.07645610036077354
1027_ESL,8,r10s5,121,0.04591285636975835
1027_ESL,8,r10s5,123,0.06245285261891842
1027_ESL,8,r10s5,127,0.2919118772501146
1027_ESL,8,r25s1,0,0.5337263651464129
1027_ESL,8,r25s1,112,0.09531951494144836
1027_ESL,8,r25s1,127,0.3709541199121387
1027_ESL,8,r25s3,0,0.5257181278275209
1027_ESL,8,r25s3,111,0.046461537662914235
1027_ESL,8,r25s3,123,0.1277310199321999
1027_ESL,8,r25s3,127,0.300089314577365
1027_ESL,8,r25s5,0,0.5232663134004351
1027_ESL,8,r25s5,109,0.07645610036077354
1027_ESL,8,r25s5,121,0.04591285636975835
1027_ESL,8,r25s5,123,0.06245285261891842
1027_ESL,8,r25s5,127,0.2919118772501146
1027_ESL,8,r50s1,0,0.5337263651464129
1027_ESL,8,r50s1,112,0.09531951494144836
1027_ESL,8,r50s1,127,0.3709541199121387
1027_ESL,8,r50s3,0,0.5257181278275209
1027_ESL,8,r50s3,111,0.046461537662914235
1027_ESL,8,r50s3,123,0.1277310199321999
1027_ESL,8,r50s3,127,0.300089314577365
1027_ESL,8,r50s5,0,0.5232663134004351
1027_ESL,8,r50s5,109,0.07645610036077354
1027_ESL,8,r50s5,121,0.04591285636975835
1027_ESL,8,r50s5,123,0.06245285261891842
1027_ESL,8,r50s5,127,0.2919118772501146
1027_ESL,8,r100s1,0,0.5337263651464129
1027_ESL,8,r100s1,112,0.09531951494144836
1027_ESL,8,r100s1,127,0.3709541199121387
1027_ESL,8,r100s3,0,0.5257181278275209
1027_ESL,8,r100s3,111,0.046461537662914235
1027_ESL,8,r100s3,123,0.1277310199321999
1027_ESL,8,r100s3,127,0.300089314577365
1027_ESL,8,r100s5,0,0.5232663134004351
1027_ESL,8,r100s5,109,0.07645610036077354
1027_ESL,8,r100s5,121,0.04591285636975835
1027_ESL,8,r100s5,123,0.06245285261891842
1027_ESL,8,r100s5,127,0.2919118772501146
1027_ESL,8,df,12,0.6253630250668792
1027_ESL,8,df,109,0.12495191717152676
1027_ESL,8,df,123,0.24968505776159391
1027_ESL,8,ga,0,0.5232663134004351
1027_ESL,8,ga,109,0.07645610036077354
1027_ESL,8,ga,121,0.04591285636975835
1027_ESL,8,ga,123,0.06245285261891842
1027_ESL,8,ga,127,0.2919118772501146
1027_ESL,9,full,12,0.017959533990038398
1027_ESL,9,full,13,0.5007853035825292
1027_ESL,9,full,109,0.008772622920823876
1027_ESL,9,full,110,0.09542660411764198
1027_ESL,9,full,117,0.10203504554460598
1027_ESL,9,full,123,0.15143116529145945
1027_ESL,9,full,127,0.12358972455290099
1027_ESL,9,gs1,0,0.1984478074963961
1027_ESL,9,gs1,14,0.35281848284075973
1027_ESL,9,gs1,110,0.14177123129393326
1027_ESL,9,gs1,117,0.09751508974611074
1027_ESL,9,gs1,125,0.20944738862280007
1027_ESL,9,gs3,12,0.017263675180944942
1027_ESL,9,gs3,13,0.501474276863104
1027_ESL,9,gs3,110,0.10434657141539294
1027_ESL,9,gs3,117,0.10196628239445205
1027_ESL,9,gs3,123,0.15142750838516306
1027_ESL,9,gs3,127,0.12352168576094316
1027_ESL,9,gs5,12,0.017959533990067153
1027_ESL,9,gs5,13,0.5007853035825005
1027_ESL,9,gs5,109,0.008772622920823942
1027_ESL,9,gs5,110,0.09542660411764205
1027_ESL,9,gs5,117,0.1020350455446059
1027_ESL,9,gs5,123,0.1514311652914594
1027_ESL,9,gs5,127,0.12358972455290107
1027_ESL,9,r10s1,0,0.1984478074963961
1027_ESL,9,r10s1,14,0.35281848284075973
1027_ESL,9,r10s1,110,0.14177123129393326
1027_ESL,9,r10s1,117,0.09751508974611074
1027_ESL,9,r10s1,125,0.20944738862280007
1027_ESL,9,r10s3,12,0.017263675180944942
1027_ESL,9,r10s3,13,0.501474276863104
1027_ESL,9,r10s3,110,0.10434657141539294
1027_ESL,9,r10s3,117,0.10196628239445205
1027_ESL,9,r10s3,123,0.15142750838516306
1027_ESL,9,r10s3,127,0.12352168576094316
1027_ESL,9,r10s5,12,0.017959533990067153
1027_ESL,9,r10s5,13,0.5007853035825005
1027_ESL,9,r10s5,109,0.008772622920823942
1027_ESL,9,r10s5,110,0.09542660411764205
1027_ESL,9,r10s5,117,0.1020350455446059
1027_ESL,9,r10s5,123,0.1514311652914594
1027_ESL,9,r10s5,127,0.12358972455290107
1027_ESL,9,r25s1,0,0.1984478074963961
1027_ESL,9,r25s1,14,0.35281848284075973
1027_ESL,9,r25s1,110,0.14177123129393326
1027_ESL,9,r25s1,117,0.09751508974611074
1027_ESL,9,r25s1,125,0.20944738862280007
1027_ESL,9,r25s3,12,0.017263675180944942
1027_ESL,9,r25s3,13,0.501474276863104
1027_ESL,9,r25s3,110,0.10434657141539294
1027_ESL,9,r25s3,117,0.10196628239445205
1027_ESL,9,r25s3,123,0.15142750838516306
1027_ESL,9,r25s3,127,0.12352168576094316
1027_ESL,9,r25s5,12,0.017959533990067153
1027_ESL,9,r25s5,13,0.5007853035825005
1027_ESL,9,r25s5,109,0.008772622920823942
1027_ESL,9,r25s5,110,0.09542660411764205
1027_ESL,9,r25s5,117,0.1020350455446059
1027_ESL,9,r25s5,123,0.1514311652914594
1027_ESL,9,r25s5,127,0.12358972455290107
1027_ESL,9,r50s1,0,0.1984478074963961
1027_ESL,9,r50s1,14,0.35281848284075973
1027_ESL,9,r50s1,110,0.14177123129393326
1027_ESL,9,r50s1,117,0.09751508974611074
1027_ESL,9,r50s1,125,0.20944738862280007
1027_ESL,9,r50s3,12,0.017263675180944942
1027_ESL,9,r50s3,13,0.501474276863104
1027_ESL,9,r50s3,110,0.10434657141539294
1027_ESL,9,r50s3,117,0.10196628239445205
1027_ESL,9,r50s3,123,0.15142750838516306
1027_ESL,9,r50s3,127,0.12352168576094316
1027_ESL,9,r50s5,12,0.017959533990067153
1027_ESL,9,r50s5,13,0.5007853035825005
1027_ESL,9,r50s5,109,0.008772622920823942
1027_ESL,9,r50s5,110,0.09542660411764205
1027_ESL,9,r50s5,117,0.1020350455446059
1027_ESL,9,r50s5,123,0.1514311652914594
1027_ESL,9,r50s5,127,0.12358972455290107
1027_ESL,9,r100s1,0,0.1984478074963961
1027_ESL,9,r100s1,14,0.35281848284075973
1027_ESL,9,r100s1,110,0.14177123129393326
1027_ESL,9,r100s1,117,0.09751508974611074
1027_ESL,9,r100s1,125,0.20944738862280007
1027_ESL,9,r100s3,12,0.017263675180944942
1027_ESL,9,r100s3,13,0.501474276863104
1027_ESL,9,r100s3,110,0.10434657141539294
1027_ESL,9,r100s3,117,0.10196628239445205
1027_ESL,9,r100s3,123,0.15142750838516306
1027_ESL,9,r100s3,127,0.12352168576094316
1027_ESL,9,r100s5,12,0.017959533990067153
1027_ESL,9,r100s5,13,0.5007853035825005
1027_ESL,9,r100s5,109,0.008772622920823942
1027_ESL,9,r100s5,110,0.09542660411764205
1027_ESL,9,r100s5,117,0.1020350455446059
1027_ESL,9,r100s5,123,0.1514311652914594
1027_ESL,9,r100s5,127,0.12358972455290107
1027_ESL,9,df,12,0.5483924264018534
1027_ESL,9,df,109,0.10827250165622405
1027_ESL,9,df,117,0.1259635754670104
1027_ESL,9,df,123,0.21737149647491213
1027_ESL,9,ga,10,0.516535211219326
1027_ESL,9,ga,110,0.10533487807779765
1027_ESL,9,ga,117,0.10120254622864201
1027_ESL,9,ga,123,0.1519693125892341
1027_ESL,9,ga,127,0.12495805188500032
1027_ESL,10,full,13,0.49999920345120535
1027_ESL,10,full,111,0.019349430224819917
1027_ESL,10,full,117,0.0707645444342743
1027_ESL,10,full,121,0.09034236438899415
1027_ESL,10,full,123,0.04170002293762271
1027_ESL,10,full,127,0.27784443456308355
1027_ESL,10,gs1,14,0.5498361823273186
1027_ESL,10,gs1,115,0.07002874684022296
1027_ESL,10,gs1,117,0.08803152119515706
1027_ESL,10,gs1,125,0.29210354963730156
1027_ESL,10,gs3,13,0.4710957706320559
1027_ESL,10,gs3,14,0.033253141432647
1027_ESL,10,gs3,115,0.04484218429228231
1027_ESL,10,gs3,117,0.06288548844332685
1027_ESL,10,gs3,123,0.12687750897822672
1027_ESL,10,gs3,127,0.26104590622146134
1027_ESL,10,gs5,13,0.49999920345120535
1027_ESL,10,gs5,111,0.019349430224819917
1027_ESL,10,gs5,117,0.0707645444342743
1027_ESL,10,gs5,121,0.09034236438899415
1027_ESL,10,gs5,123,0.04170002293762271
1027_ESL,10,gs5,127,0.27784443456308355
1027_ESL,10,r10s1,14,0.5498361823273186
1027_ESL,10,r10s1,115,0.07002874684022296
1027_ESL,10,r10s1,117,0.08803152119515706
1027_ESL,10,r10s1,125,0.29210354963730156
1027_ESL,10,r10s3,13,0.4710957706320559
1027_ESL,10,r10s3,14,0.033253141432647
1027_ESL,10,r10s3,115,0.04484218429228231
1027_ESL,10,r10s3,117,0.06288548844332685
1027_ESL,10,r10s3,123,0.12687750897822672
1027_ESL,10,r10s3,127,0.26104590622146134
1027_ESL,10,r10s5,13,0.49999920345120535
1027_ESL,10,r10s5,111,0.019349430224819917
1027_ESL,10,r10s5,117,0.0707645444342743
1027_ESL,10,r10s5,121,0.09034236438899415
1027_ESL,10,r10s5,123,0.04170002293762271
1027_ESL,10,r10s5,127,0.27784443456308355
1027_ESL,10,r25s1,14,0.5498361823273186
1027_ESL,10,r25s1,115,0.07002874684022296
1027_ESL,10,r25s1,117,0.08803152119515706
1027_ESL,10,r25s1,125,0.29210354963730156
1027_ESL,10,r25s3,13,0.4710957706320559
1027_ESL,10,r25s3,14,0.033253141432647
1027_ESL,10,r25s3,115,0.04484218429228231
1027_ESL,10,r25s3,117,0.06288548844332685
1027_ESL,10,r25s3,123,0.12687750897822672
1027_ESL,10,r25s3,127,0.26104590622146134
1027_ESL,10,r25s5,13,0.49999920345120535
1027_ESL,10,r25s5,111,0.019349430224819917
1027_ESL,10,r25s5,117,0.0707645444342743
1027_ESL,10,r25s5,121,0.09034236438899415
1027_ESL,10,r25s5,123,0.04170002293762271
1027_ESL,10,r25s5,127,0.27784443456308355
1027_ESL,10,r50s1,14,0.5498361823273186
1027_ESL,10,r50s1,115,0.07002874684022296
1027_ESL,10,r50s1,117,0.08803152119515706
1027_ESL,10,r50s1,125,0.29210354963730156
1027_ESL,10,r50s3,13,0.4710957706320559
1027_ESL,10,r50s3,14,0.033253141432647
1027_ESL,10,r50s3,115,0.04484218429228231
1027_ESL,10,r50s3,117,0.06288548844332685
1027_ESL,10,r50s3,123,0.12687750897822672
1027_ESL,10,r50s3,127,0.26104590622146134
1027_ESL,10,r50s5,13,0.49999920345120535
1027_ESL,10,r50s5,111,0.019349430224819917
1027_ESL,10,r50s5,117,0.0707645444342743
1027_ESL,10,r50s5,121,0.09034236438899415
1027_ESL,10,r50s5,123,0.04170002293762271
1027_ESL,10,r50s5,127,0.27784443456308355
1027_ESL,10,r100s1,14,0.5498361823273186
1027_ESL,10,r100s1,115,0.07002874684022296
1027_ESL,10,r100s1,117,0.08803152119515706
1027_ESL,10,r100s1,125,0.29210354963730156
1027_ESL,10,r100s3,13,0.4710957706320559
1027_ESL,10,r100s3,14,0.033253141432647
1027_ESL,10,r100s3,115,0.04484218429228231
1027_ESL,10,r100s3,117,0.06288548844332685
1027_ESL,10,r100s3,123,0.12687750897822672
1027_ESL,10,r100s3,127,0.26104590622146134
1027_ESL,10,r100s5,13,0.49999920345120535
1027_ESL,10,r100s5,111,0.019349430224819917
1027_ESL,10,r100s5,117,0.0707645444342743
1027_ESL,10,r100s5,121,0.09034236438899415
1027_ESL,10,r100s5,123,0.04170002293762271
1027_ESL,10,r100s5,127,0.27784443456308355
1027_ESL,10,df,12,0.5606439712926474
1027_ESL,10,df,109,0.009656008900993076
1027_ESL,10,df,117,0.1414454244526246
1027_ESL,10,df,123,0.28825459535373477
1027_ESL,10,ga,0,0.49389263111251297
1027_ESL,10,ga,117,0.08494935004391604
1027_ESL,10,ga,121,0.09865161268305842
1027_ESL,10,ga,123,0.04203061781154958
1027_ESL,10,ga,127,0.2804757883489629
1028_SWD,1,full,17,0.520262081855468
1028_SWD,1,full,42,0.044455936346991805
1028_SWD,1,full,114,0.2452234825771939
1028_SWD,1,full,117,0.19005849922034626
1028_SWD,1,gs1,15,0.48816938089316736
1028_SWD,1,gs1,114,0.28960418990047354
1028_SWD,1,gs1,117,0.22222642920635913
1028_SWD,1,gs3,16,0.49770360855905155
1028_SWD,1,gs3,114,0.28582248779750236
1028_SWD,1,gs3,117,0.21647390364344607
1028_SWD,1,gs5,16,0.497703608559052
1028_SWD,1,gs5,114,0.28582248779750213
1028_SWD,1,gs5,117,0.21647390364344596
1028_SWD,1,r10s1,15,0.48816938089316736
1028_SWD,1,r10s1,114,0.28960418990047365
1028_SWD,1,r10s1,118,0.22222642920635904
1028_SWD,1,r10s3,16,0.49770360855905155
1028_SWD,1,r10s3,114,0.28582248779750236
1028_SWD,1,r10s3,117,0.21647390364344607
1028_SWD,1,r10s5,16,0.497703608559052
1028_SWD,1,r10s5,114,0.28582248779750213
1028_SWD,1,r10s5,117,0.21647390364344596
1028_SWD,1,r25s1,15,0.48816938089316736
1028_SWD,1,r25s1,114,0.28960418990047365
1028_SWD,1,r25s1,118,0.22222642920635904
1028_SWD,1,r25s3,16,0.49770360855905155
1028_SWD,1,r25s3,114,0.28582248779750236
1028_SWD,1,r25s3,117,0.21647390364344607
1028_SWD,1,r25s5,16,0.497703608559052
1028_SWD,1,r25s5,114,0.28582248779750213
1028_SWD,1,r25s5,117,0.21647390364344596
1028_SWD,1,r50s1,15,0.48816938089316736
1028_SWD,1,r50s1,114,0.28960418990047365
1028_SWD,1,r50s1,118,0.22222642920635904
1028_SWD,1,r50s3,16,0.49770360855905155
1028_SWD,1,r50s3,114,0.28582248779750236
1028_SWD,1,r50s3,117,0.21647390364344607
1028_SWD,1,r50s5,16,0.497703608559052
1028_SWD,1,r50s5,114,0.28582248779750213
1028_SWD,1,r50s5,117,0.21647390364344596
1028_SWD,1,r100s1,15,0.48816938089316736
1028_SWD,1,r100s1,114,0.28960418990047354
1028_SWD,1,r100s1,117,0.22222642920635913
1028_SWD,1,r100s3,16,0.49770360855905155
1028_SWD,1,r100s3,114,0.28582248779750236
1028_SWD,1,r100s3,117,0.21647390364344607
1028_SWD,1,r100s5,16,0.497703608559052
1028_SWD,1,r100s5,114,0.28582248779750213
1028_SWD,1,r100s5,117,0.21647390364344596
1028_SWD,1,df,12,0.46877075659985556
1028_SWD,1,df,109,0.23755635733112754
1028_SWD,1,df,117,0.29367288606901687
1028_SWD,1,ga,16,0.49770360855905177
1028_SWD,1,ga,114,0.28582248779750213
1028_SWD,1,ga,117,0.21647390364344618
1028_SWD,2,full,18,0.4669966595722274
1028_SWD,2,full,41,0.04002909357785956
1028_SWD,2,full,118,0.41067620479630695
1028_SWD,2,full,128,0.08229804205360602
1028_SWD,2,gs1,15,0.37407196122544056
1028_SWD,2,gs1,114,0.09055622803624148
1028_SWD,2,gs1,117,0.535371810738318
1028_SWD,2,gs3,16,0.386647967947762
1028_SWD,2,gs3,118,0.5160197314871111
1028_SWD,2,gs3,128,0.09733230056512682
1028_SWD,2,gs5,16,0.386647967947762
1028_SWD,2,gs5,118,0.5160197314871111
1028_SWD,2,gs5,128,0.09733230056512682
1028_SWD,2,r10s1,15,0.37407196122544056
1028_SWD,2,r10s1,114,0.09055622803624148
1028_SWD,2,r10s1,117,0.535371810738318
1028_SWD,2,r10s3,16,0.386647967947762
1028_SWD,2,r10s3,118,0.5160197314871111
1028_SWD,2,r10s3,128,0.09733230056512682
1028_SWD,2,r10s5,16,0.386647967947762
1028_SWD,2,r10s5,118,0.5160197314871111
1028_SWD,2,r10s5,128,0.09733230056512682
1028_SWD,2,r25s1,15,0.3740719612254405
1028_SWD,2,r25s1,114,0.09055622803624125
1028_SWD,2,r25s1,118,0.5353718107383182
1028_SWD,2,r25s3,16,0.386647967947762
1028_SWD,2,r25s3,118,0.5160197314871111
1028_SWD,2,r25s3,128,0.09733230056512682
1028_SWD,2,r25s5,16,0.386647967947762
1028_SWD,2,r25s5,118,0.5160197314871111
1028_SWD,2,r25s5,128,0.09733230056512682
1028_SWD,2,r50s1,15,0.3740719612254405
1028_SWD,2,r50s1,114,0.09055622803624125
1028_SWD,2,r50s1,118,0.5353718107383182
1028_SWD,2,r50s3,16,0.386647967947762
1028_SWD,2,r50s3,118,0.5160197314871111
1028_SWD,2,r50s3,128,0.09733230056512682
1028_SWD,2,r50s5,16,0.386647967947762
1028_SWD,2,r50s5,118,0.5160197314871111
1028_SWD,2,r50s5,128,0.09733230056512682
1028_SWD,2,r100s1,15,0.37407196122544056
1028_SWD,2,r100s1,114,0.09055622803624148
1028_SWD,2,r100s1,117,0.535371810738318
1028_SWD,2,r100s3,16,0.386647967947762
1028_SWD,2,r100s3,118,0.5160197314871111
1028_SWD,2,r100s3,128,0.09733230056512682
1028_SWD,2,r100s5,16,0.386647967947762
1028_SWD,2,r100s5,118,0.5160197314871111
1028_SWD,2,r100s5,128,0.09733230056512682
1028_SWD,2,df,12,0.3632189073423257
1028_SWD,2,df,109,0.09288608142507601
1028_SWD,2,df,117,0.5438950112325983
1028_SWD,2,ga,16,0.3866479679477609
1028_SWD,2,ga,117,0.5160197314871082
1028_SWD,2,ga,128,0.09733230056513095
1028_SWD,3,full,17,0.43855063777896786
1028_SWD,3,full,117,0.5614493622210321
1028_SWD,3,gs1,15,0.3784980784875981
1028_SWD,3,gs1,117,0.6215019215124019
1028_SWD,3,gs3,16,0.3880552783201361
1028_SWD,3,gs3,118,0.6119447216798638
1028_SWD,3,gs5,16,0.3880552783201361
1028_SWD,3,gs5,118,0.6119447216798638
1028_SWD,3,r10s1,15,0.3784980784875981
1028_SWD,3,r10s1,117,0.6215019215124019
1028_SWD,3,r10s3,16,0.3880552783201361
1028_SWD,3,r10s3,118,0.6119447216798638
1028_SWD,3,r10s5,16,0.3880552783201361
1028_SWD,3,r10s5,118,0.6119447216798638
1028_SWD,3,r25s1,15,0.3784980784875981
1028_SWD,3,r25s1,117,0.6215019215124019
1028_SWD,3,r25s3,16,0.3880552783201361
1028_SWD,3,r25s3,118,0.6119447216798638
1028_SWD,3,r25s5,16,0.3880552783201361
1028_SWD,3,r25s5,118,0.6119447216798638
1028_SWD,3,r50s1,15,0.3784980784875979
1028_SWD,3,r50s1,118,0.621501921512402
1028_SWD,3,r50s3,16,0.3880552783201361
1028_SWD,3,r50s3,118,0.6119447216798638
1028_SWD,3,r50s5,16,0.3880552783201361
1028_SWD,3,r50s5,118,0.6119447216798638
1028_SWD,3,r100s1,15,0.3784980784875979
1028_SWD,3,r100s1,118,0.621501921512402
1028_SWD,3,r100s3,16,0.3880552783201361
1028_SWD,3,r100s3,118,0.6119447216798638
1028_SWD,3,r100s5,16,0.3880552783201361
1028_SWD,3,r100s5,118,0.6119447216798638
1028_SWD,3,df,12,0.36731457583922367
1028_SWD,3,df,117,0.6326854241607763
1028_SWD,3,ga,16,0.3880552783201335
1028_SWD,3,ga,117,0.6119447216798666
1028_SWD,4,full,17,0.4942392411719651
1028_SWD,4,full,41,0.02039982248625951
1028_SWD,4,full,118,0.2530056286263346
1028_SWD,4,full,122,0.04888975555806435
1028_SWD,4,full,124,0.06273744728106712
1028_SWD,4,full,125,0.12072810487630936
1028_SWD,4,gs1,15,0.43502445737261775
1028_SWD,4,gs1,117,0.3439051887282321
1028_SWD,4,gs1,125,0.22107035389915025
1028_SWD,4,gs3,16,0.46153025889039423
1028_SWD,4,gs3,118,0.28437059291724887
1028_SWD,4,gs3,125,0.16048476896577704
1028_SWD,4,gs3,126,0.0936143792265799
1028_SWD,4,gs5,16,0.4588224941308614
1028_SWD,4,gs5,118,0.2860883001477544
1028_SWD,4,gs5,123,0.03380129723512728
1028_SWD,4,gs5,125,0.1488005438386604
1028_SWD,4,gs5,126,0.07248736464759664
1028_SWD,4,r10s1,15,0.43502445737261763
1028_SWD,4,r10s1,118,0.34390518872823206
1028_SWD,4,r10s1,125,0.22107035389915022
1028_SWD,4,r10s3,16,0.46153025889039423
1028_SWD,4,r10s3,118,0.28437059291724887
1028_SWD,4,r10s3,125,0.16048476896577704
1028_SWD,4,r10s3,126,0.0936143792265799
1028_SWD,4,r10s5,16,0.4588224941308614
1028_SWD,4,r10s5,118,0.2860883001477544
1028_SWD,4,r10s5,123,0.03380129723512728
1028_SWD,4,r10s5,125,0.1488005438386604
1028_SWD,4,r10s5,126,0.07248736464759664
1028_SWD,4,r25s1,15,0.43502445737261775
1028_SWD,4,r25s1,117,0.3439051887282321
1028_SWD,4,r25s1,125,0.22107035389915025
1028_SWD,4,r25s3,16,0.46153025889039423
1028_SWD,4,r25s3,118,0.28437059291724887
1028_SWD,4,r25s3,125,0.16048476896577704
1028_SWD,4,r25s3,126,0.0936143792265799
1028_SWD,4,r25s5,16,0.4588224941308614
1028_SWD,4,r25s5,118,0.2860883001477544
1028_SWD,4,r25s5,123,0.03380129723512728
1028_SWD,4,r25s5,125,0.1488005438386604
1028_SWD,4,r25s5,126,0.07248736464759664
1028_SWD,4,r50s1,15,0.43502445737261763
1028_SWD,4,r50s1,118,0.34390518872823206
1028_SWD,4,r50s1,125,0.22107035389915022
1028_SWD,4,r50s3,16,0.46153025889039423
1028_SWD,4,r50s3,118,0.28437059291724887
1028_SWD,4,r50s3,125,0.16048476896577704
1028_SWD,4,r50s3,126,0.0936143792265799
1028_SWD,4,r50s5,16,0.4588224941308614
1028_SWD,4,r50s5,118,0.2860883001477544
1028_SWD,4,r50s5,123,0.03380129723512728
1028_SWD,4,r50s5,125,0.1488005438386604
1028_SWD,4,r50s5,126,0.07248736464759664
1028_SWD,4,r100s1,15,0.43502445737261763
1028_SWD,4,r100s1,118,0.34390518872823206
1028_SWD,4,r100s1,125,0.22107035389915022
1028_SWD,4,r100s3,16,0.46153025889039423
1028_SWD,4,r100s3,118,0.28437059291724887
1028_SWD,4,r100s3,125,0.16048476896577704
1028_SWD,4,r100s3,126,0.0936143792265799
1028_SWD,4,r100s5,16,0.4588224941308614
1028_SWD,4,r100s5,118,0.2860883001477544
1028_SWD,4,r100s5,123,0.03380129723512728
1028_SWD,4,r100s5,125,0.1488005438386604
1028_SWD,4,r100s5,126,0.07248736464759664
1028_SWD,4,df,12,0.4284575580736635
1028_SWD,4,df,117,0.4141823012039189
1028_SWD,4,df,123,0.15736014072241772
1028_SWD,4,ga,16,0.45382122534153324
1028_SWD,4,ga,118,0.2766026668996003
1028_SWD,4,ga,122,0.05572235479644617
1028_SWD,4,ga,124,0.06246035029083445
1028_SWD,4,ga,125,0.15139340267158574
1028_SWD,5,full,18,0.48165349062634444
1028_SWD,5,full,38,0.007564168788568473
1028_SWD,5,full,41,0.06972315439716949
1028_SWD,5,full,115,0.027577164327608022
1028_SWD,5,full,118,0.40857603260190356
1028_SWD,5,full,125,0.004905989258405892
1028_SWD,5,gs1,15,0.4175203531108139
1028_SWD,5,gs1,115,0.029943596506485023
1028_SWD,5,gs1,117,0.5371004217151071
1028_SWD,5,gs1,125,0.015435628667594039
1028_SWD,5,gs3,16,0.427483785723106
1028_SWD,5,gs3,115,0.03198136330979984
1028_SWD,5,gs3,118,0.5275679484004298
1028_SWD,5,gs3,125,0.012966902566664329
1028_SWD,5,gs5,16,0.427483785723106
1028_SWD,5,gs5,115,0.03198136330979984
1028_SWD,5,gs5,118,0.5275679484004298
1028_SWD,5,gs5,125,0.012966902566664329
1028_SWD,5,r10s1,15,0.4175203531108139
1028_SWD,5,r10s1,115,0.029943596506485023
1028_SWD,5,r10s1,117,0.5371004217151071
1028_SWD,5,r10s1,125,0.015435628667594039
1028_SWD,5,r10s3,16,0.427483785723106
1028_SWD,5,r10s3,115,0.03198136330979984
1028_SWD,5,r10s3,118,0.5275679484004298
1028_SWD,5,r10s3,125,0.012966902566664329
1028_SWD,5,r10s5,16,0.427483785723106
1028_SWD,5,r10s5,115,0.03198136330979984
1028_SWD,5,r10s5,118,0.5275679484004298
1028_SWD,5,r10s5,125,0.012966902566664329
1028_SWD,5,r25s1,15,0.41752035311081376
1028_SWD,5,r25s1,115,0.02994359650648526
1028_SWD,5,r25s1,118,0.5371004217151072
1028_SWD,5,r25s1,125,0.015435628667593874
1028_SWD,5,r25s3,16,0.427483785723106
1028_SWD,5,r25s3,115,0.03198136330979984
1028_SWD,5,r25s3,118,0.5275679484004298
1028_SWD,5,r25s3,125,0.012966902566664329
1028_SWD,5,r25s5,16,0.427483785723106
1028_SWD,5,r25s5,115,0.03198136330979984
1028_SWD,5,r25s5,118,0.5275679484004298
1028_SWD,5,r25s5,125,0.012966902566664329
1028_SWD,5,r50s1,15,0.4175203531108139
1028_SWD,5,r50s1,115,0.029943596506485023
1028_SWD,5,r50s1,117,0.5371004217151071
1028_SWD,5,r50s1,125,0.015435628667594039
1028_SWD,5,r50s3,16,0.427483785723106
1028_SWD,5,r50s3,115,0.03198136330979984
1028_SWD,5,r50s3,118,0.5275679484004298
1028_SWD,5,r50s3,125,0.012966902566664329
1028_SWD,5,r50s5,16,0.427483785723106
1028_SWD,5,r50s5,115,0.03198136330979984
1028_SWD,5,r50s5,118,0.5275679484004298
1028_SWD,5,r50s5,125,0.012966902566664329
1028_SWD,5,r100s1,15,0.4175203531108139
1028_SWD,5,r100s1,115,0.029943596506485023
1028_SWD,5,r100s1,117,0.5371004217151071
1028_SWD,5,r100s1,125,0.015435628667594039
1028_SWD,5,r100s3,16,0.427483785723106
1028_SWD,5,r100s3,115,0.03198136330979984
1028_SWD,5,r100s3,118,0.5275679484004298
1028_SWD,5,r100s3,125,0.012966902566664329
1028_SWD,5,r100s5,16,0.427483785723106
1028_SWD,5,r100s5,115,0.03198136330979984
1028_SWD,5,r100s5,118,0.5275679484004298
1028_SWD,5,r100s5,125,0.012966902566664329
1028_SWD,5,df,12,0.4020864363369056
1028_SWD,5,df,117,0.5979135636630943
1028_SWD,5,ga,15,0.41390018056544714
1028_SWD,5,ga,42,0.012083217562286275
1028_SWD,5,ga,115,0.0390585925862035
1028_SWD,5,ga,117,0.5349580092860631
1028_SWD,6,full,17,0.19676340439685838
1028_SWD,6,full,18,0.25344524343045804
1028_SWD,6,full,42,0.10751139281685927
1028_SWD,6,full,117,0.4422799593558244
1028_SWD,6,gs1,15,0.4264133088501364
1028_SWD,6,gs1,117,0.5735866911498635
1028_SWD,6,gs3,16,0.4361031811005132
1028_SWD,6,gs3,117,0.5638968188994868
1028_SWD,6,gs5,16,0.4361031811005132
1028_SWD,6,gs5,117,0.5638968188994868
1028_SWD,6,r10s1,15,0.4264133088501364
1028_SWD,6,r10s1,117,0.5735866911498635
1028_SWD,6,r10s3,16,0.4361031811005132
1028_SWD,6,r10s3,117,0.5638968188994868
1028_SWD,6,r10s5,16,0.4361031811005132
1028_SWD,6,r10s5,117,0.5638968188994868
1028_SWD,6,r25s1,15,0.4264133088501363
1028_SWD,6,r25s1,118,0.5735866911498638
1028_SWD,6,r25s3,16,0.4361031811005132
1028_SWD,6,r25s3,117,0.5638968188994868
1028_SWD,6,r25s5,16,0.4361031811005132
1028_SWD,6,r25s5,117,0.5638968188994868
1028_SWD,6,r50s1,15,0.4264133088501364
1028_SWD,6,r50s1,117,0.5735866911498635
1028_SWD,6,r50s3,16,0.4361031811005132
1028_SWD,6,r50s3,117,0.5638968188994868
1028_SWD,6,r50s5,16,0.4361031811005132
1028_SWD,6,r50s5,117,0.5638968188994868
1028_SWD,6,r100s1,15,0.4264133088501364
1028_SWD,6,r100s1,117,0.5735866911498635
1028_SWD,6,r100s3,16,0.4361031811005132
1028_SWD,6,r100s3,117,0.5638968188994868
1028_SWD,6,r100s5,16,0.4361031811005132
1028_SWD,6,r100s5,117,0.5638968188994868
1028_SWD,6,df,12,0.41509014511951164
1028_SWD,6,df,117,0.5849098548804883
1028_SWD,6,ga,16,0.4361031811005124
1028_SWD,6,ga,117,0.5638968188994875
1028_SWD,7,full,18,0.5302336877389019
1028_SWD,7,full,40,0.08177777712480323
1028_SWD,7,full,117,0.387988535136295
1028_SWD,7,gs1,15,0.47343663429263744
1028_SWD,7,gs1,117,0.5265633657073625
1028_SWD,7,gs3,16,0.4839405828758341
1028_SWD,7,gs3,117,0.5160594171241659
1028_SWD,7,gs5,16,0.4839405828758341
1028_SWD,7,gs5,117,0.5160594171241659
1028_SWD,7,r10s1,15,0.47343663429263744
1028_SWD,7,r10s1,117,0.5265633657073625
1028_SWD,7,r10s3,16,0.4839405828758341
1028_SWD,7,r10s3,117,0.5160594171241659
1028_SWD,7,r10s5,16,0.4839405828758341
1028_SWD,7,r10s5,117,0.5160594171241659
1028_SWD,7,r25s1,15,0.47343663429263744
1028_SWD,7,r25s1,117,0.5265633657073625
1028_SWD,7,r25s3,16,0.4839405828758341
1028_SWD,7,r25s3,117,0.5160594171241659
1028_SWD,7,r25s5,16,0.4839405828758341
1028_SWD,7,r25s5,117,0.5160594171241659
1028_SWD,7,r50s1,15,0.47343663429263777
1028_SWD,7,r50s1,118,0.5265633657073623
1028_SWD,7,r50s3,16,0.4839405828758341
1028_SWD,7,r50s3,117,0.5160594171241659
1028_SWD,7,r50s5,16,0.4839405828758341
1028_SWD,7,r50s5,117,0.5160594171241659
1028_SWD,7,r100s1,15,0.47343663429263744
1028_SWD,7,r100s1,117,0.5265633657073625
1028_SWD,7,r100s3,16,0.4839405828758341
1028_SWD,7,r100s3,117,0.5160594171241659
1028_SWD,7,r100s5,16,0.4839405828758341
1028_SWD,7,r100s5,117,0.5160594171241659
1028_SWD,7,df,12,0.46118400726906333
1028_SWD,7,df,117,0.5388159927309367
1028_SWD,7,ga,16,0.48394058287583336
1028_SWD,7,ga,117,0.5160594171241666
1028_SWD,8,full,17,0.24070685007010995
1028_SWD,8,full,18,0.17018341857701666
1028_SWD,8,full,41,0.09144155922515859
1028_SWD,8,full,117,0.3527634141366834
1028_SWD,8,full,125,0.0932454526097749
1028_SWD,8,full,126,0.05165930538125645
1028_SWD,8,gs1,15,0.3735467691566744
1028_SWD,8,gs1,115,0.011775955478718085
1028_SWD,8,gs1,118,0.46320363296262446
1028_SWD,8,gs1,125,0.15147364240198288
1028_SWD,8,gs3,15,0.3804121274685968
1028_SWD,8,gs3,118,0.43987414721866525
1028_SWD,8,gs3,125,0.1305489782987861
1028_SWD,8,gs3,126,0.049164747013951834
1028_SWD,8,gs5,15,0.38059784561408116
1028_SWD,8,gs5,118,0.4394052440005485
1028_SWD,8,gs5,123,0.004336920443785414
1028_SWD,8,gs5,125,0.12817032291495753
1028_SWD,8,gs5,126,0.04748966702662738
1028_SWD,8,r10s1,15,0.3735467691566744
1028_SWD,8,r10s1,115,0.011775955478718085
1028_SWD,8,r10s1,118,0.46320363296262446
1028_SWD,8,r10s1,125,0.15147364240198288
1028_SWD,8,r10s3,15,0.3804121274685968
1028_SWD,8,r10s3,118,0.43987414721866525
1028_SWD,8,r10s3,125,0.1305489782987861
1028_SWD,8,r10s3,126,0.049164747013951834
1028_SWD,8,r10s5,15,0.38059784561408116
1028_SWD,8,r10s5,118,0.4394052440005485
1028_SWD,8,r10s5,123,0.004336920443785414
1028_SWD,8,r10s5,125,0.12817032291495753
1028_SWD,8,r10s5,126,0.04748966702662738
1028_SWD,8,r25s1,15,0.3735467691566744
1028_SWD,8,r25s1,115,0.011775955478718085
1028_SWD,8,r25s1,118,0.46320363296262446
1028_SWD,8,r25s1,125,0.15147364240198288
1028_SWD,8,r25s3,15,0.3804121274685968
1028_SWD,8,r25s3,118,0.43987414721866525
1028_SWD,8,r25s3,125,0.1305489782987861
1028_SWD,8,r25s3,126,0.049164747013951834
1028_SWD,8,r25s5,15,0.38059784561408116
1028_SWD,8,r25s5,118,0.4394052440005485
1028_SWD,8,r25s5,123,0.004336920443785414
1028_SWD,8,r25s5,125,0.12817032291495753
1028_SWD,8,r25s5,126,0.04748966702662738
1028_SWD,8,r50s1,15,0.3735467691566744
1028_SWD,8,r50s1,115,0.011775955478718085
1028_SWD,8,r50s1,118,0.46320363296262446
1028_SWD,8,r50s1,125,0.15147364240198288
1028_SWD,8,r50s3,15,0.3804121274685968
1028_SWD,8,r50s3,118,0.43987414721866525
1028_SWD,8,r50s3,125,0.1305489782987861
1028_SWD,8,r50s3,126,0.049164747013951834
1028_SWD,8,r50s5,15,0.38059784561408116
1028_SWD,8,r50s5,118,0.4394052440005485
1028_SWD,8,r50s5,123,0.004336920443785414
1028_SWD,8,r50s5,125,0.12817032291495753
1028_SWD,8,r50s5,126,0.04748966702662738
1028_SWD,8,r100s1,15,0.3735467691566744
1028_SWD,8,r100s1,115,0.011775955478718085
1028_SWD,8,r100s1,118,0.46320363296262446
1028_SWD,8,r100s1,125,0.15147364240198288
1028_SWD,8,r100s3,15,0.3804121274685968
1028_SWD,8,r100s3,118,0.43987414721866525
1028_SWD,8,r100s3,125,0.1305489782987861
1028_SWD,8,r100s3,126,0.049164747013951834
1028_SWD,8,r100s5,15,0.38059784561408116
1028_SWD,8,r100s5,118,0.4394052440005485
1028_SWD,8,r100s5,123,0.004336920443785414
1028_SWD,8,r100s5,125,0.12817032291495753
1028_SWD,8,r100s5,126,0.04748966702662738
1028_SWD,8,df,12,0.37141534696672335
1028_SWD,8,df,117,0.5250543797508591
1028_SWD,8,df,123,0.10353027328241743
1028_SWD,8,ga,16,0.3902165791765181
1028_SWD,8,ga,117,0.4323837601468292
1028_SWD,8,ga,123,0.0031672089136174186
1028_SWD,8,ga,125,0.1234237479341551
1028_SWD,8,ga,126,0.05080870382888008
1028_SWD,9,full,16,0.11511608585480065
1028_SWD,9,full,17,0.39661741038193177
1028_SWD,9,full,42,0.06428641987767578
1028_SWD,9,full,117,0.42398008388559166
1028_SWD,9,gs1,15,0.5056201256242909
1028_SWD,9,gs1,117,0.49437987437570896
1028_SWD,9,gs3,15,0.5056201256242909
1028_SWD,9,gs3,117,0.49437987437570896
1028_SWD,9,gs5,15,0.505620125624291
1028_SWD,9,gs5,118,0.494379874375709
1028_SWD,9,r10s1,15,0.5056201256242909
1028_SWD,9,r10s1,117,0.49437987437570896
1028_SWD,9,r10s3,15,0.5056201256242909
1028_SWD,9,r10s3,117,0.49437987437570896
1028_SWD,9,r10s5,15,0.505620125624291
1028_SWD,9,r10s5,118,0.494379874375709
1028_SWD,9,r25s1,15,0.5056201256242909
1028_SWD,9,r25s1,117,0.49437987437570896
1028_SWD,9,r25s3,15,0.5056201256242909
1028_SWD,9,r25s3,117,0.49437987437570896
1028_SWD,9,r25s5,15,0.505620125624291
1028_SWD,9,r25s5,118,0.494379874375709
1028_SWD,9,r50s1,15,0.5056201256242909
1028_SWD,9,r50s1,117,0.49437987437570896
1028_SWD,9,r50s3,15,0.5056201256242909
1028_SWD,9,r50s3,117,0.49437987437570896
1028_SWD,9,r50s5,15,0.505620125624291
1028_SWD,9,r50s5,118,0.494379874375709
1028_SWD,9,r100s1,15,0.5056201256242909
1028_SWD,9,r100s1,117,0.49437987437570896
1028_SWD,9,r100s3,15,0.5056201256242909
1028_SWD,9,r100s3,117,0.49437987437570896
1028_SWD,9,r100s5,15,0.505620125624291
1028_SWD,9,r100s5,118,0.494379874375709
1028_SWD,9,df,12,0.4950487690594243
1028_SWD,9,df,117,0.5049512309405756
1028_SWD,9,ga,15,0.5056201256242912
1028_SWD,9,ga,117,0.49437987437570885
1028_SWD,10,full,17,0.45814303382059346
1028_SWD,10,full,42,0.0024334929121636014
1028_SWD,10,full,118,0.35722552146658054
1028_SWD,10,full,120,0.17147657476220096
1028_SWD,10,full,122,0.01072137703846136
1028_SWD,10,gs1,15,0.3870893000214232
1028_SWD,10,gs1,117,0.5330847794964867
1028_SWD,10,gs1,128,0.0798259204820901
1028_SWD,10,gs3,15,0.4009330878541612
1028_SWD,10,gs3,118,0.39046245476798885
1028_SWD,10,gs3,119,0.20860445737785
1028_SWD,10,gs5,15,0.4009330878541612
1028_SWD,10,gs5,118,0.39046245476798885
1028_SWD,10,gs5,119,0.20860445737785
1028_SWD,10,r10s1,15,0.3870893000214229
1028_SWD,10,r10s1,118,0.5330847794964879
1028_SWD,10,r10s1,128,0.07982592048208928
1028_SWD,10,r10s3,15,0.4009330878541612
1028_SWD,10,r10s3,118,0.3904624547679886
1028_SWD,10,r10s3,120,0.20860445737785024
1028_SWD,10,r10s5,15,0.4009330878541612
1028_SWD,10,r10s5,118,0.39046245476798885
1028_SWD,10,r10s5,119,0.20860445737785
1028_SWD,10,r25s1,15,0.3870893000214229
1028_SWD,10,r25s1,118,0.5330847794964879
1028_SWD,10,r25s1,128,0.07982592048208928
1028_SWD,10,r25s3,15,0.4009330878541612
1028_SWD,10,r25s3,118,0.39046245476798885
1028_SWD,10,r25s3,119,0.20860445737785
1028_SWD,10,r25s5,15,0.4009330878541612
1028_SWD,10,r25s5,118,0.39046245476798885
1028_SWD,10,r25s5,119,0.20860445737785
1028_SWD,10,r50s1,15,0.3870893000214229
1028_SWD,10,r50s1,118,0.5330847794964879
1028_SWD,10,r50s1,128,0.07982592048208928
1028_SWD,10,r50s3,15,0.4009330878541612
1028_SWD,10,r50s3,118,0.3904624547679886
1028_SWD,10,r50s3,120,0.20860445737785024
1028_SWD,10,r50s5,15,0.4009330878541612
1028_SWD,10,r50s5,118,0.39046245476798885
1028_SWD,10,r50s5,119,0.20860445737785
1028_SWD,10,r100s1,15,0.3870893000214229
1028_SWD,10,r100s1,118,0.5330847794964879
1028_SWD,10,r100s1,128,0.07982592048208928
1028_SWD,10,r100s3,15,0.4009330878541612
1028_SWD,10,r100s3,118,0.39046245476798885
1028_SWD,10,r100s3,119,0.20860445737785
1028_SWD,10,r100s5,15,0.4009330878541612
1028_SWD,10,r100s5,118,0.39046245476798885
1028_SWD,10,r100s5,119,0.20860445737785
1028_SWD,10,df,12,0.36850977372942767
1028_SWD,10,df,109,0.045519466552471466
1028_SWD,10,df,117,0.5859707597181008
1028_SWD,10,ga,16,0.41038575370566416
1028_SWD,10,ga,117,0.38528107396611005
1028_SWD,10,ga,120,0.19443676806990676
1028_SWD,10,ga,122,0.009896404258318996
